--
-- PostgreSQL database dump
--

\restrict CfVXJJ7lFkVxCOAxaVZedI5lo9I7gLClEPtUkDBghQkHNAeNdighUHjBS8DLuT4

-- Dumped from database version 15.15
-- Dumped by pg_dump version 15.15

SET statement_timeout = 0;
SET lock_timeout = 0;
SET idle_in_transaction_session_timeout = 0;
SET client_encoding = 'UTF8';
SET standard_conforming_strings = on;
SELECT pg_catalog.set_config('search_path', '', false);
SET check_function_bodies = false;
SET xmloption = content;
SET client_min_messages = warning;
SET row_security = off;

SET default_tablespace = '';

SET default_table_access_method = heap;

--
-- Name: audit_auditlog; Type: TABLE; Schema: public; Owner: ringo_user
--

CREATE TABLE public.audit_auditlog (
    id bigint NOT NULL,
    action character varying(50) NOT NULL,
    entity_type character varying(100) NOT NULL,
    entity_id character varying(255) NOT NULL,
    payload jsonb NOT NULL,
    ip_address inet,
    user_agent character varying(500) NOT NULL,
    request_id character varying(100) NOT NULL,
    created_at timestamp with time zone NOT NULL,
    actor_id bigint
);


ALTER TABLE public.audit_auditlog OWNER TO ringo_user;

--
-- Name: audit_auditlog_id_seq; Type: SEQUENCE; Schema: public; Owner: ringo_user
--

ALTER TABLE public.audit_auditlog ALTER COLUMN id ADD GENERATED BY DEFAULT AS IDENTITY (
    SEQUENCE NAME public.audit_auditlog_id_seq
    START WITH 1
    INCREMENT BY 1
    NO MINVALUE
    NO MAXVALUE
    CACHE 1
);


--
-- Name: auth_group; Type: TABLE; Schema: public; Owner: ringo_user
--

CREATE TABLE public.auth_group (
    id integer NOT NULL,
    name character varying(150) NOT NULL
);


ALTER TABLE public.auth_group OWNER TO ringo_user;

--
-- Name: auth_group_id_seq; Type: SEQUENCE; Schema: public; Owner: ringo_user
--

ALTER TABLE public.auth_group ALTER COLUMN id ADD GENERATED BY DEFAULT AS IDENTITY (
    SEQUENCE NAME public.auth_group_id_seq
    START WITH 1
    INCREMENT BY 1
    NO MINVALUE
    NO MAXVALUE
    CACHE 1
);


--
-- Name: auth_group_permissions; Type: TABLE; Schema: public; Owner: ringo_user
--

CREATE TABLE public.auth_group_permissions (
    id bigint NOT NULL,
    group_id integer NOT NULL,
    permission_id integer NOT NULL
);


ALTER TABLE public.auth_group_permissions OWNER TO ringo_user;

--
-- Name: auth_group_permissions_id_seq; Type: SEQUENCE; Schema: public; Owner: ringo_user
--

ALTER TABLE public.auth_group_permissions ALTER COLUMN id ADD GENERATED BY DEFAULT AS IDENTITY (
    SEQUENCE NAME public.auth_group_permissions_id_seq
    START WITH 1
    INCREMENT BY 1
    NO MINVALUE
    NO MAXVALUE
    CACHE 1
);


--
-- Name: auth_permission; Type: TABLE; Schema: public; Owner: ringo_user
--

CREATE TABLE public.auth_permission (
    id integer NOT NULL,
    name character varying(255) NOT NULL,
    content_type_id integer NOT NULL,
    codename character varying(100) NOT NULL
);


ALTER TABLE public.auth_permission OWNER TO ringo_user;

--
-- Name: auth_permission_id_seq; Type: SEQUENCE; Schema: public; Owner: ringo_user
--

ALTER TABLE public.auth_permission ALTER COLUMN id ADD GENERATED BY DEFAULT AS IDENTITY (
    SEQUENCE NAME public.auth_permission_id_seq
    START WITH 1
    INCREMENT BY 1
    NO MINVALUE
    NO MAXVALUE
    CACHE 1
);


--
-- Name: authtoken_token; Type: TABLE; Schema: public; Owner: ringo_user
--

CREATE TABLE public.authtoken_token (
    key character varying(40) NOT NULL,
    created timestamp with time zone NOT NULL,
    user_id bigint NOT NULL
);


ALTER TABLE public.authtoken_token OWNER TO ringo_user;

--
-- Name: catalog_attachment; Type: TABLE; Schema: public; Owner: ringo_user
--

CREATE TABLE public.catalog_attachment (
    id bigint NOT NULL,
    created_at timestamp with time zone NOT NULL,
    updated_at timestamp with time zone NOT NULL,
    name character varying(200) NOT NULL,
    pricing_modifier numeric(6,2) NOT NULL,
    status character varying(20) NOT NULL,
    metadata jsonb NOT NULL,
    equipment_id bigint NOT NULL
);


ALTER TABLE public.catalog_attachment OWNER TO ringo_user;

--
-- Name: catalog_attachment_id_seq; Type: SEQUENCE; Schema: public; Owner: ringo_user
--

ALTER TABLE public.catalog_attachment ALTER COLUMN id ADD GENERATED BY DEFAULT AS IDENTITY (
    SEQUENCE NAME public.catalog_attachment_id_seq
    START WITH 1
    INCREMENT BY 1
    NO MINVALUE
    NO MAXVALUE
    CACHE 1
);


--
-- Name: catalog_equipment; Type: TABLE; Schema: public; Owner: ringo_user
--

CREATE TABLE public.catalog_equipment (
    id bigint NOT NULL,
    created_at timestamp with time zone NOT NULL,
    updated_at timestamp with time zone NOT NULL,
    code character varying(50) NOT NULL,
    name character varying(255) NOT NULL,
    description text NOT NULL,
    hourly_rate numeric(10,2) NOT NULL,
    daily_rate numeric(10,2),
    fuel_consumption numeric(6,2),
    status character varying(20) NOT NULL,
    photos jsonb NOT NULL,
    last_maintenance_date date,
    attributes jsonb NOT NULL
);


ALTER TABLE public.catalog_equipment OWNER TO ringo_user;

--
-- Name: catalog_equipment_id_seq; Type: SEQUENCE; Schema: public; Owner: ringo_user
--

ALTER TABLE public.catalog_equipment ALTER COLUMN id ADD GENERATED BY DEFAULT AS IDENTITY (
    SEQUENCE NAME public.catalog_equipment_id_seq
    START WITH 1
    INCREMENT BY 1
    NO MINVALUE
    NO MAXVALUE
    CACHE 1
);


--
-- Name: catalog_maintenancerecord; Type: TABLE; Schema: public; Owner: ringo_user
--

CREATE TABLE public.catalog_maintenancerecord (
    id bigint NOT NULL,
    created_at timestamp with time zone NOT NULL,
    updated_at timestamp with time zone NOT NULL,
    performed_at date NOT NULL,
    description text NOT NULL,
    cost numeric(10,2),
    odometer integer,
    attachments jsonb NOT NULL,
    equipment_id bigint NOT NULL,
    CONSTRAINT catalog_maintenancerecord_odometer_check CHECK ((odometer >= 0))
);


ALTER TABLE public.catalog_maintenancerecord OWNER TO ringo_user;

--
-- Name: catalog_maintenancerecord_id_seq; Type: SEQUENCE; Schema: public; Owner: ringo_user
--

ALTER TABLE public.catalog_maintenancerecord ALTER COLUMN id ADD GENERATED BY DEFAULT AS IDENTITY (
    SEQUENCE NAME public.catalog_maintenancerecord_id_seq
    START WITH 1
    INCREMENT BY 1
    NO MINVALUE
    NO MAXVALUE
    CACHE 1
);


--
-- Name: catalog_materialitem; Type: TABLE; Schema: public; Owner: ringo_user
--

CREATE TABLE public.catalog_materialitem (
    id bigint NOT NULL,
    created_at timestamp with time zone NOT NULL,
    updated_at timestamp with time zone NOT NULL,
    name character varying(200) NOT NULL,
    unit character varying(32) NOT NULL,
    price numeric(10,2) NOT NULL,
    density numeric(6,2),
    supplier character varying(255) NOT NULL,
    is_active boolean NOT NULL,
    category character varying(20) NOT NULL
);


ALTER TABLE public.catalog_materialitem OWNER TO ringo_user;

--
-- Name: catalog_materialitem_id_seq; Type: SEQUENCE; Schema: public; Owner: ringo_user
--

ALTER TABLE public.catalog_materialitem ALTER COLUMN id ADD GENERATED BY DEFAULT AS IDENTITY (
    SEQUENCE NAME public.catalog_materialitem_id_seq
    START WITH 1
    INCREMENT BY 1
    NO MINVALUE
    NO MAXVALUE
    CACHE 1
);


--
-- Name: catalog_servicecategory; Type: TABLE; Schema: public; Owner: ringo_user
--

CREATE TABLE public.catalog_servicecategory (
    id bigint NOT NULL,
    created_at timestamp with time zone NOT NULL,
    updated_at timestamp with time zone NOT NULL,
    name character varying(200) NOT NULL,
    description text NOT NULL,
    sort_order integer NOT NULL,
    CONSTRAINT catalog_servicecategory_sort_order_check CHECK ((sort_order >= 0))
);


ALTER TABLE public.catalog_servicecategory OWNER TO ringo_user;

--
-- Name: catalog_servicecategory_id_seq; Type: SEQUENCE; Schema: public; Owner: ringo_user
--

ALTER TABLE public.catalog_servicecategory ALTER COLUMN id ADD GENERATED BY DEFAULT AS IDENTITY (
    SEQUENCE NAME public.catalog_servicecategory_id_seq
    START WITH 1
    INCREMENT BY 1
    NO MINVALUE
    NO MAXVALUE
    CACHE 1
);


--
-- Name: catalog_serviceitem; Type: TABLE; Schema: public; Owner: ringo_user
--

CREATE TABLE public.catalog_serviceitem (
    id bigint NOT NULL,
    created_at timestamp with time zone NOT NULL,
    updated_at timestamp with time zone NOT NULL,
    name character varying(200) NOT NULL,
    unit character varying(32) NOT NULL,
    price numeric(10,2),
    default_duration numeric(8,2),
    included_items jsonb NOT NULL,
    is_active boolean NOT NULL,
    category_id bigint NOT NULL
);


ALTER TABLE public.catalog_serviceitem OWNER TO ringo_user;

--
-- Name: catalog_serviceitem_id_seq; Type: SEQUENCE; Schema: public; Owner: ringo_user
--

ALTER TABLE public.catalog_serviceitem ALTER COLUMN id ADD GENERATED BY DEFAULT AS IDENTITY (
    SEQUENCE NAME public.catalog_serviceitem_id_seq
    START WITH 1
    INCREMENT BY 1
    NO MINVALUE
    NO MAXVALUE
    CACHE 1
);


--
-- Name: crm_client; Type: TABLE; Schema: public; Owner: ringo_user
--

CREATE TABLE public.crm_client (
    id bigint NOT NULL,
    created_at timestamp with time zone NOT NULL,
    updated_at timestamp with time zone NOT NULL,
    name character varying(255) NOT NULL,
    contact_person character varying(255) NOT NULL,
    phone character varying(32) NOT NULL,
    email character varying(254) NOT NULL,
    address character varying(500) NOT NULL,
    city character varying(120) NOT NULL,
    geo_lat numeric(9,6),
    geo_lng numeric(9,6),
    billing_details jsonb NOT NULL,
    inn character varying(20) NOT NULL,
    kpp character varying(20) NOT NULL,
    notes text NOT NULL,
    is_active boolean NOT NULL
);


ALTER TABLE public.crm_client OWNER TO ringo_user;

--
-- Name: crm_client_id_seq; Type: SEQUENCE; Schema: public; Owner: ringo_user
--

ALTER TABLE public.crm_client ALTER COLUMN id ADD GENERATED BY DEFAULT AS IDENTITY (
    SEQUENCE NAME public.crm_client_id_seq
    START WITH 1
    INCREMENT BY 1
    NO MINVALUE
    NO MAXVALUE
    CACHE 1
);


--
-- Name: django_admin_log; Type: TABLE; Schema: public; Owner: ringo_user
--

CREATE TABLE public.django_admin_log (
    id integer NOT NULL,
    action_time timestamp with time zone NOT NULL,
    object_id text,
    object_repr character varying(200) NOT NULL,
    action_flag smallint NOT NULL,
    change_message text NOT NULL,
    content_type_id integer,
    user_id bigint NOT NULL,
    CONSTRAINT django_admin_log_action_flag_check CHECK ((action_flag >= 0))
);


ALTER TABLE public.django_admin_log OWNER TO ringo_user;

--
-- Name: django_admin_log_id_seq; Type: SEQUENCE; Schema: public; Owner: ringo_user
--

ALTER TABLE public.django_admin_log ALTER COLUMN id ADD GENERATED BY DEFAULT AS IDENTITY (
    SEQUENCE NAME public.django_admin_log_id_seq
    START WITH 1
    INCREMENT BY 1
    NO MINVALUE
    NO MAXVALUE
    CACHE 1
);


--
-- Name: django_content_type; Type: TABLE; Schema: public; Owner: ringo_user
--

CREATE TABLE public.django_content_type (
    id integer NOT NULL,
    app_label character varying(100) NOT NULL,
    model character varying(100) NOT NULL
);


ALTER TABLE public.django_content_type OWNER TO ringo_user;

--
-- Name: django_content_type_id_seq; Type: SEQUENCE; Schema: public; Owner: ringo_user
--

ALTER TABLE public.django_content_type ALTER COLUMN id ADD GENERATED BY DEFAULT AS IDENTITY (
    SEQUENCE NAME public.django_content_type_id_seq
    START WITH 1
    INCREMENT BY 1
    NO MINVALUE
    NO MAXVALUE
    CACHE 1
);


--
-- Name: django_migrations; Type: TABLE; Schema: public; Owner: ringo_user
--

CREATE TABLE public.django_migrations (
    id bigint NOT NULL,
    app character varying(255) NOT NULL,
    name character varying(255) NOT NULL,
    applied timestamp with time zone NOT NULL
);


ALTER TABLE public.django_migrations OWNER TO ringo_user;

--
-- Name: django_migrations_id_seq; Type: SEQUENCE; Schema: public; Owner: ringo_user
--

ALTER TABLE public.django_migrations ALTER COLUMN id ADD GENERATED BY DEFAULT AS IDENTITY (
    SEQUENCE NAME public.django_migrations_id_seq
    START WITH 1
    INCREMENT BY 1
    NO MINVALUE
    NO MAXVALUE
    CACHE 1
);


--
-- Name: django_session; Type: TABLE; Schema: public; Owner: ringo_user
--

CREATE TABLE public.django_session (
    session_key character varying(40) NOT NULL,
    session_data text NOT NULL,
    expire_date timestamp with time zone NOT NULL
);


ALTER TABLE public.django_session OWNER TO ringo_user;

--
-- Name: finance_documenttemplate; Type: TABLE; Schema: public; Owner: ringo_user
--

CREATE TABLE public.finance_documenttemplate (
    id bigint NOT NULL,
    created_at timestamp with time zone NOT NULL,
    updated_at timestamp with time zone NOT NULL,
    slug character varying(100) NOT NULL,
    version integer NOT NULL,
    template_type character varying(20) NOT NULL,
    template_path character varying(255) NOT NULL,
    description character varying(255) NOT NULL,
    is_active boolean NOT NULL,
    CONSTRAINT finance_documenttemplate_version_check CHECK ((version >= 0))
);


ALTER TABLE public.finance_documenttemplate OWNER TO ringo_user;

--
-- Name: finance_documenttemplate_id_seq; Type: SEQUENCE; Schema: public; Owner: ringo_user
--

ALTER TABLE public.finance_documenttemplate ALTER COLUMN id ADD GENERATED BY DEFAULT AS IDENTITY (
    SEQUENCE NAME public.finance_documenttemplate_id_seq
    START WITH 1
    INCREMENT BY 1
    NO MINVALUE
    NO MAXVALUE
    CACHE 1
);


--
-- Name: finance_expense; Type: TABLE; Schema: public; Owner: ringo_user
--

CREATE TABLE public.finance_expense (
    id bigint NOT NULL,
    created_at timestamp with time zone NOT NULL,
    updated_at timestamp with time zone NOT NULL,
    category character varying(50) NOT NULL,
    amount numeric(12,2) NOT NULL,
    date date NOT NULL,
    comment text NOT NULL,
    attachment_url character varying(200) NOT NULL,
    equipment_id bigint,
    order_id uuid,
    reported_by_id bigint
);


ALTER TABLE public.finance_expense OWNER TO ringo_user;

--
-- Name: finance_expense_id_seq; Type: SEQUENCE; Schema: public; Owner: ringo_user
--

ALTER TABLE public.finance_expense ALTER COLUMN id ADD GENERATED BY DEFAULT AS IDENTITY (
    SEQUENCE NAME public.finance_expense_id_seq
    START WITH 1
    INCREMENT BY 1
    NO MINVALUE
    NO MAXVALUE
    CACHE 1
);


--
-- Name: finance_invoice; Type: TABLE; Schema: public; Owner: ringo_user
--

CREATE TABLE public.finance_invoice (
    id bigint NOT NULL,
    created_at timestamp with time zone NOT NULL,
    updated_at timestamp with time zone NOT NULL,
    number character varying(50) NOT NULL,
    pdf_url character varying(200) NOT NULL,
    issued_at timestamp with time zone NOT NULL,
    due_date timestamp with time zone,
    amount numeric(12,2) NOT NULL,
    currency character varying(8) NOT NULL,
    metadata jsonb NOT NULL,
    order_id uuid NOT NULL,
    payment_status character varying(20) NOT NULL,
    pdf_file character varying(100)
);


ALTER TABLE public.finance_invoice OWNER TO ringo_user;

--
-- Name: finance_invoice_id_seq; Type: SEQUENCE; Schema: public; Owner: ringo_user
--

ALTER TABLE public.finance_invoice ALTER COLUMN id ADD GENERATED BY DEFAULT AS IDENTITY (
    SEQUENCE NAME public.finance_invoice_id_seq
    START WITH 1
    INCREMENT BY 1
    NO MINVALUE
    NO MAXVALUE
    CACHE 1
);


--
-- Name: finance_payment; Type: TABLE; Schema: public; Owner: ringo_user
--

CREATE TABLE public.finance_payment (
    id bigint NOT NULL,
    created_at timestamp with time zone NOT NULL,
    updated_at timestamp with time zone NOT NULL,
    method character varying(32) NOT NULL,
    status character varying(20) NOT NULL,
    amount numeric(12,2) NOT NULL,
    currency character varying(8) NOT NULL,
    transaction_id character varying(120) NOT NULL,
    paid_at timestamp with time zone,
    metadata jsonb NOT NULL,
    invoice_id bigint,
    order_id uuid NOT NULL
);


ALTER TABLE public.finance_payment OWNER TO ringo_user;

--
-- Name: finance_payment_id_seq; Type: SEQUENCE; Schema: public; Owner: ringo_user
--

ALTER TABLE public.finance_payment ALTER COLUMN id ADD GENERATED BY DEFAULT AS IDENTITY (
    SEQUENCE NAME public.finance_payment_id_seq
    START WITH 1
    INCREMENT BY 1
    NO MINVALUE
    NO MAXVALUE
    CACHE 1
);


--
-- Name: finance_salaryrecord; Type: TABLE; Schema: public; Owner: ringo_user
--

CREATE TABLE public.finance_salaryrecord (
    id bigint NOT NULL,
    created_at timestamp with time zone NOT NULL,
    updated_at timestamp with time zone NOT NULL,
    hours_worked numeric(8,2) NOT NULL,
    rate_type character varying(20) NOT NULL,
    rate_value numeric(12,2) NOT NULL,
    amount numeric(12,2) NOT NULL,
    status character varying(20) NOT NULL,
    paid_at timestamp with time zone,
    notes text NOT NULL,
    order_id uuid,
    user_id bigint NOT NULL
);


ALTER TABLE public.finance_salaryrecord OWNER TO ringo_user;

--
-- Name: finance_salaryrecord_id_seq; Type: SEQUENCE; Schema: public; Owner: ringo_user
--

ALTER TABLE public.finance_salaryrecord ALTER COLUMN id ADD GENERATED BY DEFAULT AS IDENTITY (
    SEQUENCE NAME public.finance_salaryrecord_id_seq
    START WITH 1
    INCREMENT BY 1
    NO MINVALUE
    NO MAXVALUE
    CACHE 1
);


--
-- Name: notifications_devicetoken; Type: TABLE; Schema: public; Owner: ringo_user
--

CREATE TABLE public.notifications_devicetoken (
    id bigint NOT NULL,
    token character varying(255) NOT NULL,
    platform character varying(20) NOT NULL,
    app_version character varying(20) NOT NULL,
    device_info jsonb NOT NULL,
    last_active_at timestamp with time zone NOT NULL,
    created_at timestamp with time zone NOT NULL,
    user_id bigint
);


ALTER TABLE public.notifications_devicetoken OWNER TO ringo_user;

--
-- Name: notifications_devicetoken_id_seq; Type: SEQUENCE; Schema: public; Owner: ringo_user
--

ALTER TABLE public.notifications_devicetoken ALTER COLUMN id ADD GENERATED BY DEFAULT AS IDENTITY (
    SEQUENCE NAME public.notifications_devicetoken_id_seq
    START WITH 1
    INCREMENT BY 1
    NO MINVALUE
    NO MAXVALUE
    CACHE 1
);


--
-- Name: notifications_notificationlog; Type: TABLE; Schema: public; Owner: ringo_user
--

CREATE TABLE public.notifications_notificationlog (
    id bigint NOT NULL,
    channel character varying(20) NOT NULL,
    endpoint character varying(255) NOT NULL,
    event_type character varying(50) NOT NULL,
    payload jsonb NOT NULL,
    status character varying(20) NOT NULL,
    error_message text NOT NULL,
    retry_count integer NOT NULL,
    sent_at timestamp with time zone,
    created_at timestamp with time zone NOT NULL,
    user_id bigint
);


ALTER TABLE public.notifications_notificationlog OWNER TO ringo_user;

--
-- Name: notifications_notificationlog_id_seq; Type: SEQUENCE; Schema: public; Owner: ringo_user
--

ALTER TABLE public.notifications_notificationlog ALTER COLUMN id ADD GENERATED BY DEFAULT AS IDENTITY (
    SEQUENCE NAME public.notifications_notificationlog_id_seq
    START WITH 1
    INCREMENT BY 1
    NO MINVALUE
    NO MAXVALUE
    CACHE 1
);


--
-- Name: notifications_notificationsubscription; Type: TABLE; Schema: public; Owner: ringo_user
--

CREATE TABLE public.notifications_notificationsubscription (
    id bigint NOT NULL,
    channel character varying(20) NOT NULL,
    endpoint character varying(255) NOT NULL,
    enabled boolean NOT NULL,
    preferences jsonb NOT NULL,
    last_used_at timestamp with time zone,
    created_at timestamp with time zone NOT NULL,
    updated_at timestamp with time zone NOT NULL,
    user_id bigint NOT NULL
);


ALTER TABLE public.notifications_notificationsubscription OWNER TO ringo_user;

--
-- Name: notifications_notificationsubscription_id_seq; Type: SEQUENCE; Schema: public; Owner: ringo_user
--

ALTER TABLE public.notifications_notificationsubscription ALTER COLUMN id ADD GENERATED BY DEFAULT AS IDENTITY (
    SEQUENCE NAME public.notifications_notificationsubscription_id_seq
    START WITH 1
    INCREMENT BY 1
    NO MINVALUE
    NO MAXVALUE
    CACHE 1
);


--
-- Name: orders_order; Type: TABLE; Schema: public; Owner: ringo_user
--

CREATE TABLE public.orders_order (
    id uuid NOT NULL,
    created_at timestamp with time zone NOT NULL,
    updated_at timestamp with time zone NOT NULL,
    number character varying(32) NOT NULL,
    address character varying(500) NOT NULL,
    geo_lat numeric(9,6),
    geo_lng numeric(9,6),
    start_dt timestamp with time zone NOT NULL,
    end_dt timestamp with time zone,
    description text NOT NULL,
    status character varying(20) NOT NULL,
    prepayment_amount numeric(12,2) NOT NULL,
    prepayment_status character varying(20) NOT NULL,
    total_amount numeric(12,2) NOT NULL,
    price_snapshot jsonb NOT NULL,
    attachments jsonb NOT NULL,
    meta jsonb NOT NULL,
    client_id bigint,
    created_by_id bigint,
    manager_id bigint,
    operator_id bigint
);


ALTER TABLE public.orders_order OWNER TO ringo_user;

--
-- Name: orders_order_operators; Type: TABLE; Schema: public; Owner: ringo_user
--

CREATE TABLE public.orders_order_operators (
    id bigint NOT NULL,
    order_id uuid NOT NULL,
    user_id bigint NOT NULL
);


ALTER TABLE public.orders_order_operators OWNER TO ringo_user;

--
-- Name: orders_order_operators_id_seq; Type: SEQUENCE; Schema: public; Owner: ringo_user
--

ALTER TABLE public.orders_order_operators ALTER COLUMN id ADD GENERATED BY DEFAULT AS IDENTITY (
    SEQUENCE NAME public.orders_order_operators_id_seq
    START WITH 1
    INCREMENT BY 1
    NO MINVALUE
    NO MAXVALUE
    CACHE 1
);


--
-- Name: orders_orderitem; Type: TABLE; Schema: public; Owner: ringo_user
--

CREATE TABLE public.orders_orderitem (
    id bigint NOT NULL,
    created_at timestamp with time zone NOT NULL,
    updated_at timestamp with time zone NOT NULL,
    item_type character varying(20) NOT NULL,
    ref_id integer,
    name_snapshot character varying(255) NOT NULL,
    quantity numeric(10,2) NOT NULL,
    unit character varying(32) NOT NULL,
    unit_price numeric(12,2) NOT NULL,
    tax_rate numeric(5,2) NOT NULL,
    discount numeric(6,2) NOT NULL,
    metadata jsonb NOT NULL,
    order_id uuid NOT NULL,
    fuel_expense numeric(12,2),
    repair_expense numeric(12,2),
    CONSTRAINT orders_orderitem_ref_id_check CHECK ((ref_id >= 0))
);


ALTER TABLE public.orders_orderitem OWNER TO ringo_user;

--
-- Name: orders_orderitem_id_seq; Type: SEQUENCE; Schema: public; Owner: ringo_user
--

ALTER TABLE public.orders_orderitem ALTER COLUMN id ADD GENERATED BY DEFAULT AS IDENTITY (
    SEQUENCE NAME public.orders_orderitem_id_seq
    START WITH 1
    INCREMENT BY 1
    NO MINVALUE
    NO MAXVALUE
    CACHE 1
);


--
-- Name: orders_orderstatuslog; Type: TABLE; Schema: public; Owner: ringo_user
--

CREATE TABLE public.orders_orderstatuslog (
    id bigint NOT NULL,
    from_status character varying(20) NOT NULL,
    to_status character varying(20) NOT NULL,
    comment text NOT NULL,
    attachment_url character varying(200) NOT NULL,
    created_at timestamp with time zone NOT NULL,
    actor_id bigint,
    order_id uuid NOT NULL
);


ALTER TABLE public.orders_orderstatuslog OWNER TO ringo_user;

--
-- Name: orders_orderstatuslog_id_seq; Type: SEQUENCE; Schema: public; Owner: ringo_user
--

ALTER TABLE public.orders_orderstatuslog ALTER COLUMN id ADD GENERATED BY DEFAULT AS IDENTITY (
    SEQUENCE NAME public.orders_orderstatuslog_id_seq
    START WITH 1
    INCREMENT BY 1
    NO MINVALUE
    NO MAXVALUE
    CACHE 1
);


--
-- Name: orders_photoevidence; Type: TABLE; Schema: public; Owner: ringo_user
--

CREATE TABLE public.orders_photoevidence (
    id bigint NOT NULL,
    created_at timestamp with time zone NOT NULL,
    updated_at timestamp with time zone NOT NULL,
    photo_type character varying(20) NOT NULL,
    file_url character varying(200) NOT NULL,
    gps_lat numeric(9,6),
    gps_lng numeric(9,6),
    captured_at timestamp with time zone,
    notes text NOT NULL,
    metadata jsonb NOT NULL,
    order_id uuid NOT NULL,
    uploaded_by_id bigint
);


ALTER TABLE public.orders_photoevidence OWNER TO ringo_user;

--
-- Name: orders_photoevidence_id_seq; Type: SEQUENCE; Schema: public; Owner: ringo_user
--

ALTER TABLE public.orders_photoevidence ALTER COLUMN id ADD GENERATED BY DEFAULT AS IDENTITY (
    SEQUENCE NAME public.orders_photoevidence_id_seq
    START WITH 1
    INCREMENT BY 1
    NO MINVALUE
    NO MAXVALUE
    CACHE 1
);


--
-- Name: token_blacklist_blacklistedtoken; Type: TABLE; Schema: public; Owner: ringo_user
--

CREATE TABLE public.token_blacklist_blacklistedtoken (
    id bigint NOT NULL,
    blacklisted_at timestamp with time zone NOT NULL,
    token_id bigint NOT NULL
);


ALTER TABLE public.token_blacklist_blacklistedtoken OWNER TO ringo_user;

--
-- Name: token_blacklist_blacklistedtoken_id_seq; Type: SEQUENCE; Schema: public; Owner: ringo_user
--

ALTER TABLE public.token_blacklist_blacklistedtoken ALTER COLUMN id ADD GENERATED BY DEFAULT AS IDENTITY (
    SEQUENCE NAME public.token_blacklist_blacklistedtoken_id_seq
    START WITH 1
    INCREMENT BY 1
    NO MINVALUE
    NO MAXVALUE
    CACHE 1
);


--
-- Name: token_blacklist_outstandingtoken; Type: TABLE; Schema: public; Owner: ringo_user
--

CREATE TABLE public.token_blacklist_outstandingtoken (
    id bigint NOT NULL,
    token text NOT NULL,
    created_at timestamp with time zone,
    expires_at timestamp with time zone NOT NULL,
    user_id bigint,
    jti character varying(255) NOT NULL
);


ALTER TABLE public.token_blacklist_outstandingtoken OWNER TO ringo_user;

--
-- Name: token_blacklist_outstandingtoken_id_seq; Type: SEQUENCE; Schema: public; Owner: ringo_user
--

ALTER TABLE public.token_blacklist_outstandingtoken ALTER COLUMN id ADD GENERATED BY DEFAULT AS IDENTITY (
    SEQUENCE NAME public.token_blacklist_outstandingtoken_id_seq
    START WITH 1
    INCREMENT BY 1
    NO MINVALUE
    NO MAXVALUE
    CACHE 1
);


--
-- Name: users_user; Type: TABLE; Schema: public; Owner: ringo_user
--

CREATE TABLE public.users_user (
    id bigint NOT NULL,
    password character varying(128) NOT NULL,
    last_login timestamp with time zone,
    is_superuser boolean NOT NULL,
    username character varying(150) NOT NULL,
    first_name character varying(150) NOT NULL,
    last_name character varying(150) NOT NULL,
    email character varying(254) NOT NULL,
    is_staff boolean NOT NULL,
    is_active boolean NOT NULL,
    date_joined timestamp with time zone NOT NULL,
    role character varying(32) NOT NULL,
    phone character varying(32),
    avatar character varying(200) NOT NULL,
    locale character varying(8) NOT NULL,
    "position" character varying(120) NOT NULL,
    permissions_snapshot jsonb NOT NULL
);


ALTER TABLE public.users_user OWNER TO ringo_user;

--
-- Name: users_user_groups; Type: TABLE; Schema: public; Owner: ringo_user
--

CREATE TABLE public.users_user_groups (
    id bigint NOT NULL,
    user_id bigint NOT NULL,
    group_id integer NOT NULL
);


ALTER TABLE public.users_user_groups OWNER TO ringo_user;

--
-- Name: users_user_groups_id_seq; Type: SEQUENCE; Schema: public; Owner: ringo_user
--

ALTER TABLE public.users_user_groups ALTER COLUMN id ADD GENERATED BY DEFAULT AS IDENTITY (
    SEQUENCE NAME public.users_user_groups_id_seq
    START WITH 1
    INCREMENT BY 1
    NO MINVALUE
    NO MAXVALUE
    CACHE 1
);


--
-- Name: users_user_id_seq; Type: SEQUENCE; Schema: public; Owner: ringo_user
--

ALTER TABLE public.users_user ALTER COLUMN id ADD GENERATED BY DEFAULT AS IDENTITY (
    SEQUENCE NAME public.users_user_id_seq
    START WITH 1
    INCREMENT BY 1
    NO MINVALUE
    NO MAXVALUE
    CACHE 1
);


--
-- Name: users_user_user_permissions; Type: TABLE; Schema: public; Owner: ringo_user
--

CREATE TABLE public.users_user_user_permissions (
    id bigint NOT NULL,
    user_id bigint NOT NULL,
    permission_id integer NOT NULL
);


ALTER TABLE public.users_user_user_permissions OWNER TO ringo_user;

--
-- Name: users_user_user_permissions_id_seq; Type: SEQUENCE; Schema: public; Owner: ringo_user
--

ALTER TABLE public.users_user_user_permissions ALTER COLUMN id ADD GENERATED BY DEFAULT AS IDENTITY (
    SEQUENCE NAME public.users_user_user_permissions_id_seq
    START WITH 1
    INCREMENT BY 1
    NO MINVALUE
    NO MAXVALUE
    CACHE 1
);


--
-- Data for Name: audit_auditlog; Type: TABLE DATA; Schema: public; Owner: ringo_user
--

COPY public.audit_auditlog (id, action, entity_type, entity_id, payload, ip_address, user_agent, request_id, created_at, actor_id) FROM stdin;
1	create	Migration	19	{"fields": {"id": "19", "app": "audit", "name": "0001_initial", "applied": "2025-12-17 13:19:21.397440+00:00"}}	\N			2025-12-17 13:19:21.402588+00	\N
2	create	Migration	20	{"fields": {"id": "20", "app": "audit", "name": "0002_rename_audit_auditl_actor_i_created_idx_audit_audit_actor_i_ec0f72_idx_and_more", "applied": "2025-12-17 13:19:21.429202+00:00"}}	\N			2025-12-17 13:19:21.431507+00	\N
3	create	Migration	21	{"fields": {"id": "21", "app": "audit", "name": "0003_alter_auditlog_options_alter_auditlog_action_and_more", "applied": "2025-12-17 13:19:21.478762+00:00"}}	\N			2025-12-17 13:19:21.48109+00	\N
4	create	Migration	22	{"fields": {"id": "22", "app": "authtoken", "name": "0001_initial", "applied": "2025-12-17 13:19:21.507198+00:00"}}	\N			2025-12-17 13:19:21.510756+00	\N
5	create	Migration	23	{"fields": {"id": "23", "app": "authtoken", "name": "0002_auto_20160226_1747", "applied": "2025-12-17 13:19:21.535804+00:00"}}	\N			2025-12-17 13:19:21.537956+00	\N
6	create	Migration	24	{"fields": {"id": "24", "app": "authtoken", "name": "0003_tokenproxy", "applied": "2025-12-17 13:19:21.544600+00:00"}}	\N			2025-12-17 13:19:21.547359+00	\N
7	create	Migration	25	{"fields": {"id": "25", "app": "authtoken", "name": "0004_alter_tokenproxy_options", "applied": "2025-12-17 13:19:21.555583+00:00"}}	\N			2025-12-17 13:19:21.557861+00	\N
8	create	Migration	26	{"fields": {"id": "26", "app": "catalog", "name": "0001_initial", "applied": "2025-12-17 13:19:21.656908+00:00"}}	\N			2025-12-17 13:19:21.660984+00	\N
9	create	Migration	27	{"fields": {"id": "27", "app": "catalog", "name": "0002_materialitem_category", "applied": "2025-12-17 13:19:21.673931+00:00"}}	\N			2025-12-17 13:19:21.676158+00	\N
10	create	Migration	28	{"fields": {"id": "28", "app": "catalog", "name": "0003_update_materialitem_categories", "applied": "2025-12-17 13:19:21.709489+00:00"}}	\N			2025-12-17 13:19:21.713172+00	\N
11	create	Migration	29	{"fields": {"id": "29", "app": "catalog", "name": "0004_make_service_price_optional", "applied": "2025-12-17 13:19:21.813841+00:00"}}	\N			2025-12-17 13:19:21.816059+00	\N
12	create	Migration	30	{"fields": {"id": "30", "app": "crm", "name": "0001_initial", "applied": "2025-12-17 13:19:21.833790+00:00"}}	\N			2025-12-17 13:19:21.836501+00	\N
13	create	Migration	31	{"fields": {"id": "31", "app": "crm", "name": "0002_alter_client_options_alter_client_address_and_more", "applied": "2025-12-17 13:19:21.861476+00:00"}}	\N			2025-12-17 13:19:21.863852+00	\N
14	create	Migration	32	{"fields": {"id": "32", "app": "orders", "name": "0001_initial", "applied": "2025-12-17 13:19:22.020871+00:00"}}	\N			2025-12-17 13:19:22.024647+00	\N
15	create	Migration	33	{"fields": {"id": "33", "app": "orders", "name": "0002_rename_orders_order_status_77f1e6_idx_orders_orde_status_c6dd84_idx_and_more", "applied": "2025-12-17 13:19:22.052122+00:00"}}	\N			2025-12-17 13:19:22.054575+00	\N
16	create	Migration	34	{"fields": {"id": "34", "app": "orders", "name": "0003_alter_order_options_alter_orderitem_options_and_more", "applied": "2025-12-17 13:19:22.516645+00:00"}}	\N			2025-12-17 13:19:22.519152+00	\N
17	create	Migration	35	{"fields": {"id": "35", "app": "finance", "name": "0001_initial", "applied": "2025-12-17 13:19:22.661543+00:00"}}	\N			2025-12-17 13:19:22.666169+00	\N
18	create	Migration	36	{"fields": {"id": "36", "app": "finance", "name": "0002_invoice_payment_status_invoice_pdf_file_and_more", "applied": "2025-12-17 13:19:22.710346+00:00"}}	\N			2025-12-17 13:19:22.712449+00	\N
19	create	Migration	37	{"fields": {"id": "37", "app": "finance", "name": "0003_documenttemplate", "applied": "2025-12-17 13:19:22.743730+00:00"}}	\N			2025-12-17 13:19:22.747334+00	\N
20	create	Migration	38	{"fields": {"id": "38", "app": "finance", "name": "0004_alter_documenttemplate_options_alter_expense_options_and_more", "applied": "2025-12-17 13:19:23.045752+00:00"}}	\N			2025-12-17 13:19:23.048451+00	\N
21	create	Migration	39	{"fields": {"id": "39", "app": "notifications", "name": "0001_initial", "applied": "2025-12-17 13:19:23.112261+00:00"}}	\N			2025-12-17 13:19:23.115834+00	\N
22	create	Migration	40	{"fields": {"id": "40", "app": "notifications", "name": "0002_devicetoken_notificationlog", "applied": "2025-12-17 13:19:23.220779+00:00"}}	\N			2025-12-17 13:19:23.22451+00	\N
23	create	Migration	41	{"fields": {"id": "41", "app": "notifications", "name": "0003_rename_notificatio_user_id_status_idx_notificatio_user_id_d1d348_idx_and_more", "applied": "2025-12-17 13:19:23.250200+00:00"}}	\N			2025-12-17 13:19:23.252966+00	\N
24	create	Migration	42	{"fields": {"id": "42", "app": "notifications", "name": "0004_alter_devicetoken_options_and_more", "applied": "2025-12-17 13:19:23.602431+00:00"}}	\N			2025-12-17 13:19:23.605364+00	\N
25	create	Migration	43	{"fields": {"id": "43", "app": "orders", "name": "0004_add_fuel_expense_to_order_item", "applied": "2025-12-17 13:19:23.627518+00:00"}}	\N			2025-12-17 13:19:23.630874+00	\N
26	create	Migration	44	{"fields": {"id": "44", "app": "orders", "name": "0005_order_operators_alter_order_operator", "applied": "2025-12-17 13:19:23.688560+00:00"}}	\N			2025-12-17 13:19:23.692055+00	\N
27	create	Migration	45	{"fields": {"id": "45", "app": "orders", "name": "0006_orderitem_repair_expense", "applied": "2025-12-17 13:19:23.709903+00:00"}}	\N			2025-12-17 13:19:23.711982+00	\N
28	create	Migration	46	{"fields": {"id": "46", "app": "orders", "name": "0007_alter_order_status_alter_orderstatuslog_from_status_and_more", "applied": "2025-12-17 13:19:23.753188+00:00"}}	\N			2025-12-17 13:19:23.755728+00	\N
29	create	Migration	47	{"fields": {"id": "47", "app": "sessions", "name": "0001_initial", "applied": "2025-12-17 13:19:23.780998+00:00"}}	\N			2025-12-17 13:19:23.784689+00	\N
30	create	Migration	48	{"fields": {"id": "48", "app": "token_blacklist", "name": "0001_initial", "applied": "2025-12-17 13:19:23.857499+00:00"}}	\N			2025-12-17 13:19:23.861633+00	\N
31	create	Migration	49	{"fields": {"id": "49", "app": "token_blacklist", "name": "0002_outstandingtoken_jti_hex", "applied": "2025-12-17 13:19:23.886215+00:00"}}	\N			2025-12-17 13:19:23.888778+00	\N
32	create	Migration	50	{"fields": {"id": "50", "app": "token_blacklist", "name": "0003_auto_20171017_2007", "applied": "2025-12-17 13:19:23.919307+00:00"}}	\N			2025-12-17 13:19:23.921964+00	\N
33	create	Migration	51	{"fields": {"id": "51", "app": "token_blacklist", "name": "0004_auto_20171017_2013", "applied": "2025-12-17 13:19:23.957144+00:00"}}	\N			2025-12-17 13:19:23.959777+00	\N
34	create	Migration	52	{"fields": {"id": "52", "app": "token_blacklist", "name": "0005_remove_outstandingtoken_jti", "applied": "2025-12-17 13:19:23.982825+00:00"}}	\N			2025-12-17 13:19:23.986568+00	\N
35	create	Migration	53	{"fields": {"id": "53", "app": "token_blacklist", "name": "0006_auto_20171017_2113", "applied": "2025-12-17 13:19:24.009615+00:00"}}	\N			2025-12-17 13:19:24.01226+00	\N
36	create	Migration	54	{"fields": {"id": "54", "app": "token_blacklist", "name": "0007_auto_20171017_2214", "applied": "2025-12-17 13:19:24.184758+00:00"}}	\N			2025-12-17 13:19:24.187514+00	\N
37	create	Migration	55	{"fields": {"id": "55", "app": "token_blacklist", "name": "0008_migrate_to_bigautofield", "applied": "2025-12-17 13:19:24.283365+00:00"}}	\N			2025-12-17 13:19:24.286144+00	\N
38	create	Migration	56	{"fields": {"id": "56", "app": "token_blacklist", "name": "0010_fix_migrate_to_bigautofield", "applied": "2025-12-17 13:19:24.318062+00:00"}}	\N			2025-12-17 13:19:24.320672+00	\N
39	create	Migration	57	{"fields": {"id": "57", "app": "token_blacklist", "name": "0011_linearizes_history", "applied": "2025-12-17 13:19:24.327790+00:00"}}	\N			2025-12-17 13:19:24.330629+00	\N
40	create	Migration	58	{"fields": {"id": "58", "app": "token_blacklist", "name": "0012_alter_outstandingtoken_user", "applied": "2025-12-17 13:19:24.361652+00:00"}}	\N			2025-12-17 13:19:24.364113+00	\N
41	create	Migration	59	{"fields": {"id": "59", "app": "token_blacklist", "name": "0013_alter_blacklistedtoken_options_and_more", "applied": "2025-12-17 13:19:24.393220+00:00"}}	\N			2025-12-17 13:19:24.396236+00	\N
42	create	Migration	60	{"fields": {"id": "60", "app": "users", "name": "0002_alter_user_groups", "applied": "2025-12-17 13:19:24.437230+00:00"}}	\N			2025-12-17 13:19:24.440043+00	\N
43	create	Migration	61	{"fields": {"id": "61", "app": "users", "name": "0004_remove_accountant_viewer_roles", "applied": "2025-12-17 13:19:24.472203+00:00"}}	\N			2025-12-17 13:19:24.474943+00	\N
44	create	Migration	62	{"fields": {"id": "62", "app": "users", "name": "0005_alter_user_options_alter_user_avatar_and_more", "applied": "2025-12-17 13:19:24.599165+00:00"}}	\N			2025-12-17 13:19:24.601772+00	\N
\.


--
-- Data for Name: auth_group; Type: TABLE DATA; Schema: public; Owner: ringo_user
--

COPY public.auth_group (id, name) FROM stdin;
\.


--
-- Data for Name: auth_group_permissions; Type: TABLE DATA; Schema: public; Owner: ringo_user
--

COPY public.auth_group_permissions (id, group_id, permission_id) FROM stdin;
\.


--
-- Data for Name: auth_permission; Type: TABLE DATA; Schema: public; Owner: ringo_user
--

COPY public.auth_permission (id, name, content_type_id, codename) FROM stdin;
1	Can add log entry	1	add_logentry
2	Can change log entry	1	change_logentry
3	Can delete log entry	1	delete_logentry
4	Can view log entry	1	view_logentry
5	Can add permission	2	add_permission
6	Can change permission	2	change_permission
7	Can delete permission	2	delete_permission
8	Can view permission	2	view_permission
9	Can add group	3	add_group
10	Can change group	3	change_group
11	Can delete group	3	delete_group
12	Can view group	3	view_group
13	Can add content type	4	add_contenttype
14	Can change content type	4	change_contenttype
15	Can delete content type	4	delete_contenttype
16	Can view content type	4	view_contenttype
17	Can add session	5	add_session
18	Can change session	5	change_session
19	Can delete session	5	delete_session
20	Can view session	5	view_session
21	Can add Token	6	add_token
22	Can change Token	6	change_token
23	Can delete Token	6	delete_token
24	Can view Token	6	view_token
25	Can add Token	7	add_tokenproxy
26	Can change Token	7	change_tokenproxy
27	Can delete Token	7	delete_tokenproxy
28	Can view Token	7	view_tokenproxy
29	Can add Blacklisted Token	8	add_blacklistedtoken
30	Can change Blacklisted Token	8	change_blacklistedtoken
31	Can delete Blacklisted Token	8	delete_blacklistedtoken
32	Can view Blacklisted Token	8	view_blacklistedtoken
33	Can add Outstanding Token	9	add_outstandingtoken
34	Can change Outstanding Token	9	change_outstandingtoken
35	Can delete Outstanding Token	9	delete_outstandingtoken
36	Can view Outstanding Token	9	view_outstandingtoken
37	Can add ╨Я╨╛╨╗╤М╨╖╨╛╨▓╨░╤В╨╡╨╗╤М	10	add_user
38	Can change ╨Я╨╛╨╗╤М╨╖╨╛╨▓╨░╤В╨╡╨╗╤М	10	change_user
39	Can delete ╨Я╨╛╨╗╤М╨╖╨╛╨▓╨░╤В╨╡╨╗╤М	10	delete_user
40	Can view ╨Я╨╛╨╗╤М╨╖╨╛╨▓╨░╤В╨╡╨╗╤М	10	view_user
41	Can add ╨Ъ╨░╤В╨╡╨│╨╛╤А╨╕╤П ╤Г╤Б╨╗╤Г╨│	11	add_servicecategory
42	Can change ╨Ъ╨░╤В╨╡╨│╨╛╤А╨╕╤П ╤Г╤Б╨╗╤Г╨│	11	change_servicecategory
43	Can delete ╨Ъ╨░╤В╨╡╨│╨╛╤А╨╕╤П ╤Г╤Б╨╗╤Г╨│	11	delete_servicecategory
44	Can view ╨Ъ╨░╤В╨╡╨│╨╛╤А╨╕╤П ╤Г╤Б╨╗╤Г╨│	11	view_servicecategory
45	Can add ╨в╨╡╤Е╨╜╨╕╨║╨░	12	add_equipment
46	Can change ╨в╨╡╤Е╨╜╨╕╨║╨░	12	change_equipment
47	Can delete ╨в╨╡╤Е╨╜╨╕╨║╨░	12	delete_equipment
48	Can view ╨в╨╡╤Е╨╜╨╕╨║╨░	12	view_equipment
49	Can add ╨г╤Б╨╗╤Г╨│╨░	13	add_serviceitem
50	Can change ╨г╤Б╨╗╤Г╨│╨░	13	change_serviceitem
51	Can delete ╨г╤Б╨╗╤Г╨│╨░	13	delete_serviceitem
52	Can view ╨г╤Б╨╗╤Г╨│╨░	13	view_serviceitem
53	Can add ╨Ь╨░╤В╨╡╤А╨╕╨░╨╗	14	add_materialitem
54	Can change ╨Ь╨░╤В╨╡╤А╨╕╨░╨╗	14	change_materialitem
55	Can delete ╨Ь╨░╤В╨╡╤А╨╕╨░╨╗	14	delete_materialitem
56	Can view ╨Ь╨░╤В╨╡╤А╨╕╨░╨╗	14	view_materialitem
57	Can add ╨Ч╨░╨┐╨╕╤Б╤М ╨╛╨▒╤Б╨╗╤Г╨╢╨╕╨▓╨░╨╜╨╕╤П	15	add_maintenancerecord
58	Can change ╨Ч╨░╨┐╨╕╤Б╤М ╨╛╨▒╤Б╨╗╤Г╨╢╨╕╨▓╨░╨╜╨╕╤П	15	change_maintenancerecord
59	Can delete ╨Ч╨░╨┐╨╕╤Б╤М ╨╛╨▒╤Б╨╗╤Г╨╢╨╕╨▓╨░╨╜╨╕╤П	15	delete_maintenancerecord
60	Can view ╨Ч╨░╨┐╨╕╤Б╤М ╨╛╨▒╤Б╨╗╤Г╨╢╨╕╨▓╨░╨╜╨╕╤П	15	view_maintenancerecord
61	Can add ╨Э╨░╨▓╨╡╤Б╨║╨░	16	add_attachment
62	Can change ╨Э╨░╨▓╨╡╤Б╨║╨░	16	change_attachment
63	Can delete ╨Э╨░╨▓╨╡╤Б╨║╨░	16	delete_attachment
64	Can view ╨Э╨░╨▓╨╡╤Б╨║╨░	16	view_attachment
65	Can add ╨Э╨░╨▓╨╡╤Б╨║╨░ (╨║╨░╤В╨░╨╗╨╛╨│)	17	add_attachmentmaterialitem
66	Can change ╨Э╨░╨▓╨╡╤Б╨║╨░ (╨║╨░╤В╨░╨╗╨╛╨│)	17	change_attachmentmaterialitem
67	Can delete ╨Э╨░╨▓╨╡╤Б╨║╨░ (╨║╨░╤В╨░╨╗╨╛╨│)	17	delete_attachmentmaterialitem
68	Can view ╨Э╨░╨▓╨╡╤Б╨║╨░ (╨║╨░╤В╨░╨╗╨╛╨│)	17	view_attachmentmaterialitem
69	Can add ╨У╤А╤Г╨╜╤В	18	add_soilitem
70	Can change ╨У╤А╤Г╨╜╤В	18	change_soilitem
71	Can delete ╨У╤А╤Г╨╜╤В	18	delete_soilitem
72	Can view ╨У╤А╤Г╨╜╤В	18	view_soilitem
73	Can add ╨Ш╨╜╤Б╤В╤А╤Г╨╝╨╡╨╜╤В	19	add_toolitem
74	Can change ╨Ш╨╜╤Б╤В╤А╤Г╨╝╨╡╨╜╤В	19	change_toolitem
75	Can delete ╨Ш╨╜╤Б╤В╤А╤Г╨╝╨╡╨╜╤В	19	delete_toolitem
76	Can view ╨Ш╨╜╤Б╤В╤А╤Г╨╝╨╡╨╜╤В	19	view_toolitem
77	Can add ╨Ъ╨╗╨╕╨╡╨╜╤В	20	add_client
78	Can change ╨Ъ╨╗╨╕╨╡╨╜╤В	20	change_client
79	Can delete ╨Ъ╨╗╨╕╨╡╨╜╤В	20	delete_client
80	Can view ╨Ъ╨╗╨╕╨╡╨╜╤В	20	view_client
81	Can add ╨Ч╨░╨║╨░╨╖	21	add_order
82	Can change ╨Ч╨░╨║╨░╨╖	21	change_order
83	Can delete ╨Ч╨░╨║╨░╨╖	21	delete_order
84	Can view ╨Ч╨░╨║╨░╨╖	21	view_order
85	Can add ╨д╨╛╤В╨╛-╨┤╨╛╨║╨░╨╖╨░╤В╨╡╨╗╤М╤Б╤В╨▓╨╛	22	add_photoevidence
86	Can change ╨д╨╛╤В╨╛-╨┤╨╛╨║╨░╨╖╨░╤В╨╡╨╗╤М╤Б╤В╨▓╨╛	22	change_photoevidence
87	Can delete ╨д╨╛╤В╨╛-╨┤╨╛╨║╨░╨╖╨░╤В╨╡╨╗╤М╤Б╤В╨▓╨╛	22	delete_photoevidence
88	Can view ╨д╨╛╤В╨╛-╨┤╨╛╨║╨░╨╖╨░╤В╨╡╨╗╤М╤Б╤В╨▓╨╛	22	view_photoevidence
89	Can add ╨Ы╨╛╨│ ╨╕╨╖╨╝╨╡╨╜╨╡╨╜╨╕╤П ╤Б╤В╨░╤В╤Г╤Б╨░	23	add_orderstatuslog
90	Can change ╨Ы╨╛╨│ ╨╕╨╖╨╝╨╡╨╜╨╡╨╜╨╕╤П ╤Б╤В╨░╤В╤Г╤Б╨░	23	change_orderstatuslog
91	Can delete ╨Ы╨╛╨│ ╨╕╨╖╨╝╨╡╨╜╨╡╨╜╨╕╤П ╤Б╤В╨░╤В╤Г╤Б╨░	23	delete_orderstatuslog
92	Can view ╨Ы╨╛╨│ ╨╕╨╖╨╝╨╡╨╜╨╡╨╜╨╕╤П ╤Б╤В╨░╤В╤Г╤Б╨░	23	view_orderstatuslog
93	Can add ╨Я╨╛╨╖╨╕╤Ж╨╕╤П ╨╖╨░╨║╨░╨╖╨░	24	add_orderitem
94	Can change ╨Я╨╛╨╖╨╕╤Ж╨╕╤П ╨╖╨░╨║╨░╨╖╨░	24	change_orderitem
95	Can delete ╨Я╨╛╨╖╨╕╤Ж╨╕╤П ╨╖╨░╨║╨░╨╖╨░	24	delete_orderitem
96	Can view ╨Я╨╛╨╖╨╕╤Ж╨╕╤П ╨╖╨░╨║╨░╨╖╨░	24	view_orderitem
97	Can add ╨б╤З╤С╤В	25	add_invoice
98	Can change ╨б╤З╤С╤В	25	change_invoice
99	Can delete ╨б╤З╤С╤В	25	delete_invoice
100	Can view ╨б╤З╤С╤В	25	view_invoice
101	Can add ╨Ч╨░╨┐╨╕╤Б╤М ╨╖╨░╤А╨┐╨╗╨░╤В╤Л	26	add_salaryrecord
102	Can change ╨Ч╨░╨┐╨╕╤Б╤М ╨╖╨░╤А╨┐╨╗╨░╤В╤Л	26	change_salaryrecord
103	Can delete ╨Ч╨░╨┐╨╕╤Б╤М ╨╖╨░╤А╨┐╨╗╨░╤В╤Л	26	delete_salaryrecord
104	Can view ╨Ч╨░╨┐╨╕╤Б╤М ╨╖╨░╤А╨┐╨╗╨░╤В╤Л	26	view_salaryrecord
105	Can add ╨Я╨╗╨░╤В╤С╨╢	27	add_payment
106	Can change ╨Я╨╗╨░╤В╤С╨╢	27	change_payment
107	Can delete ╨Я╨╗╨░╤В╤С╨╢	27	delete_payment
108	Can view ╨Я╨╗╨░╤В╤С╨╢	27	view_payment
109	Can add ╨а╨░╤Б╤Е╨╛╨┤	28	add_expense
110	Can change ╨а╨░╤Б╤Е╨╛╨┤	28	change_expense
111	Can delete ╨а╨░╤Б╤Е╨╛╨┤	28	delete_expense
112	Can view ╨а╨░╤Б╤Е╨╛╨┤	28	view_expense
113	Can add ╨и╨░╨▒╨╗╨╛╨╜ ╨┤╨╛╨║╤Г╨╝╨╡╨╜╤В╨░	29	add_documenttemplate
114	Can change ╨и╨░╨▒╨╗╨╛╨╜ ╨┤╨╛╨║╤Г╨╝╨╡╨╜╤В╨░	29	change_documenttemplate
115	Can delete ╨и╨░╨▒╨╗╨╛╨╜ ╨┤╨╛╨║╤Г╨╝╨╡╨╜╤В╨░	29	delete_documenttemplate
116	Can view ╨и╨░╨▒╨╗╨╛╨╜ ╨┤╨╛╨║╤Г╨╝╨╡╨╜╤В╨░	29	view_documenttemplate
117	Can add ╨Я╨╛╨┤╨┐╨╕╤Б╨║╨░ ╨╜╨░ ╤Г╨▓╨╡╨┤╨╛╨╝╨╗╨╡╨╜╨╕╤П	30	add_notificationsubscription
118	Can change ╨Я╨╛╨┤╨┐╨╕╤Б╨║╨░ ╨╜╨░ ╤Г╨▓╨╡╨┤╨╛╨╝╨╗╨╡╨╜╨╕╤П	30	change_notificationsubscription
119	Can delete ╨Я╨╛╨┤╨┐╨╕╤Б╨║╨░ ╨╜╨░ ╤Г╨▓╨╡╨┤╨╛╨╝╨╗╨╡╨╜╨╕╤П	30	delete_notificationsubscription
120	Can view ╨Я╨╛╨┤╨┐╨╕╤Б╨║╨░ ╨╜╨░ ╤Г╨▓╨╡╨┤╨╛╨╝╨╗╨╡╨╜╨╕╤П	30	view_notificationsubscription
121	Can add ╨в╨╛╨║╨╡╨╜ ╤Г╤Б╤В╤А╨╛╨╣╤Б╤В╨▓╨░	31	add_devicetoken
122	Can change ╨в╨╛╨║╨╡╨╜ ╤Г╤Б╤В╤А╨╛╨╣╤Б╤В╨▓╨░	31	change_devicetoken
123	Can delete ╨в╨╛╨║╨╡╨╜ ╤Г╤Б╤В╤А╨╛╨╣╤Б╤В╨▓╨░	31	delete_devicetoken
124	Can view ╨в╨╛╨║╨╡╨╜ ╤Г╤Б╤В╤А╨╛╨╣╤Б╤В╨▓╨░	31	view_devicetoken
125	Can add ╨Ы╨╛╨│ ╤Г╨▓╨╡╨┤╨╛╨╝╨╗╨╡╨╜╨╕╨╣	32	add_notificationlog
126	Can change ╨Ы╨╛╨│ ╤Г╨▓╨╡╨┤╨╛╨╝╨╗╨╡╨╜╨╕╨╣	32	change_notificationlog
127	Can delete ╨Ы╨╛╨│ ╤Г╨▓╨╡╨┤╨╛╨╝╨╗╨╡╨╜╨╕╨╣	32	delete_notificationlog
128	Can view ╨Ы╨╛╨│ ╤Г╨▓╨╡╨┤╨╛╨╝╨╗╨╡╨╜╨╕╨╣	32	view_notificationlog
129	Can add ╨Ы╨╛╨│ ╨░╤Г╨┤╨╕╤В╨░	33	add_auditlog
130	Can change ╨Ы╨╛╨│ ╨░╤Г╨┤╨╕╤В╨░	33	change_auditlog
131	Can delete ╨Ы╨╛╨│ ╨░╤Г╨┤╨╕╤В╨░	33	delete_auditlog
132	Can view ╨Ы╨╛╨│ ╨░╤Г╨┤╨╕╤В╨░	33	view_auditlog
\.


--
-- Data for Name: authtoken_token; Type: TABLE DATA; Schema: public; Owner: ringo_user
--

COPY public.authtoken_token (key, created, user_id) FROM stdin;
\.


--
-- Data for Name: catalog_attachment; Type: TABLE DATA; Schema: public; Owner: ringo_user
--

COPY public.catalog_attachment (id, created_at, updated_at, name, pricing_modifier, status, metadata, equipment_id) FROM stdin;
\.


--
-- Data for Name: catalog_equipment; Type: TABLE DATA; Schema: public; Owner: ringo_user
--

COPY public.catalog_equipment (id, created_at, updated_at, code, name, description, hourly_rate, daily_rate, fuel_consumption, status, photos, last_maintenance_date, attributes) FROM stdin;
\.


--
-- Data for Name: catalog_maintenancerecord; Type: TABLE DATA; Schema: public; Owner: ringo_user
--

COPY public.catalog_maintenancerecord (id, created_at, updated_at, performed_at, description, cost, odometer, attachments, equipment_id) FROM stdin;
\.


--
-- Data for Name: catalog_materialitem; Type: TABLE DATA; Schema: public; Owner: ringo_user
--

COPY public.catalog_materialitem (id, created_at, updated_at, name, unit, price, density, supplier, is_active, category) FROM stdin;
\.


--
-- Data for Name: catalog_servicecategory; Type: TABLE DATA; Schema: public; Owner: ringo_user
--

COPY public.catalog_servicecategory (id, created_at, updated_at, name, description, sort_order) FROM stdin;
\.


--
-- Data for Name: catalog_serviceitem; Type: TABLE DATA; Schema: public; Owner: ringo_user
--

COPY public.catalog_serviceitem (id, created_at, updated_at, name, unit, price, default_duration, included_items, is_active, category_id) FROM stdin;
\.


--
-- Data for Name: crm_client; Type: TABLE DATA; Schema: public; Owner: ringo_user
--

COPY public.crm_client (id, created_at, updated_at, name, contact_person, phone, email, address, city, geo_lat, geo_lng, billing_details, inn, kpp, notes, is_active) FROM stdin;
\.


--
-- Data for Name: django_admin_log; Type: TABLE DATA; Schema: public; Owner: ringo_user
--

COPY public.django_admin_log (id, action_time, object_id, object_repr, action_flag, change_message, content_type_id, user_id) FROM stdin;
\.


--
-- Data for Name: django_content_type; Type: TABLE DATA; Schema: public; Owner: ringo_user
--

COPY public.django_content_type (id, app_label, model) FROM stdin;
1	admin	logentry
2	auth	permission
3	auth	group
4	contenttypes	contenttype
5	sessions	session
6	authtoken	token
7	authtoken	tokenproxy
8	token_blacklist	blacklistedtoken
9	token_blacklist	outstandingtoken
10	users	user
11	catalog	servicecategory
12	catalog	equipment
13	catalog	serviceitem
14	catalog	materialitem
15	catalog	maintenancerecord
16	catalog	attachment
17	catalog	attachmentmaterialitem
18	catalog	soilitem
19	catalog	toolitem
20	crm	client
21	orders	order
22	orders	photoevidence
23	orders	orderstatuslog
24	orders	orderitem
25	finance	invoice
26	finance	salaryrecord
27	finance	payment
28	finance	expense
29	finance	documenttemplate
30	notifications	notificationsubscription
31	notifications	devicetoken
32	notifications	notificationlog
33	audit	auditlog
\.


--
-- Data for Name: django_migrations; Type: TABLE DATA; Schema: public; Owner: ringo_user
--

COPY public.django_migrations (id, app, name, applied) FROM stdin;
1	contenttypes	0001_initial	2025-12-17 13:19:20.958494+00
2	contenttypes	0002_remove_content_type_name	2025-12-17 13:19:20.981897+00
3	auth	0001_initial	2025-12-17 13:19:21.050549+00
4	auth	0002_alter_permission_name_max_length	2025-12-17 13:19:21.062484+00
5	auth	0003_alter_user_email_max_length	2025-12-17 13:19:21.07265+00
6	auth	0004_alter_user_username_opts	2025-12-17 13:19:21.081788+00
7	auth	0005_alter_user_last_login_null	2025-12-17 13:19:21.092775+00
8	auth	0006_require_contenttypes_0002	2025-12-17 13:19:21.09984+00
9	auth	0007_alter_validators_add_error_messages	2025-12-17 13:19:21.111384+00
10	auth	0008_alter_user_username_max_length	2025-12-17 13:19:21.121996+00
11	auth	0009_alter_user_last_name_max_length	2025-12-17 13:19:21.134921+00
12	auth	0010_alter_group_name_max_length	2025-12-17 13:19:21.148463+00
13	auth	0011_update_proxy_permissions	2025-12-17 13:19:21.157739+00
14	auth	0012_alter_user_first_name_max_length	2025-12-17 13:19:21.166748+00
15	users	0001_initial	2025-12-17 13:19:21.243076+00
16	admin	0001_initial	2025-12-17 13:19:21.277005+00
17	admin	0002_logentry_remove_auto_add	2025-12-17 13:19:21.288397+00
18	admin	0003_logentry_add_action_flag_choices	2025-12-17 13:19:21.298322+00
19	audit	0001_initial	2025-12-17 13:19:21.39744+00
20	audit	0002_rename_audit_auditl_actor_i_created_idx_audit_audit_actor_i_ec0f72_idx_and_more	2025-12-17 13:19:21.429202+00
21	audit	0003_alter_auditlog_options_alter_auditlog_action_and_more	2025-12-17 13:19:21.478762+00
22	authtoken	0001_initial	2025-12-17 13:19:21.507198+00
23	authtoken	0002_auto_20160226_1747	2025-12-17 13:19:21.535804+00
24	authtoken	0003_tokenproxy	2025-12-17 13:19:21.5446+00
25	authtoken	0004_alter_tokenproxy_options	2025-12-17 13:19:21.555583+00
26	catalog	0001_initial	2025-12-17 13:19:21.656908+00
27	catalog	0002_materialitem_category	2025-12-17 13:19:21.673931+00
28	catalog	0003_update_materialitem_categories	2025-12-17 13:19:21.709489+00
29	catalog	0004_make_service_price_optional	2025-12-17 13:19:21.813841+00
30	crm	0001_initial	2025-12-17 13:19:21.83379+00
31	crm	0002_alter_client_options_alter_client_address_and_more	2025-12-17 13:19:21.861476+00
32	orders	0001_initial	2025-12-17 13:19:22.020871+00
33	orders	0002_rename_orders_order_status_77f1e6_idx_orders_orde_status_c6dd84_idx_and_more	2025-12-17 13:19:22.052122+00
34	orders	0003_alter_order_options_alter_orderitem_options_and_more	2025-12-17 13:19:22.516645+00
35	finance	0001_initial	2025-12-17 13:19:22.661543+00
36	finance	0002_invoice_payment_status_invoice_pdf_file_and_more	2025-12-17 13:19:22.710346+00
37	finance	0003_documenttemplate	2025-12-17 13:19:22.74373+00
38	finance	0004_alter_documenttemplate_options_alter_expense_options_and_more	2025-12-17 13:19:23.045752+00
39	notifications	0001_initial	2025-12-17 13:19:23.112261+00
40	notifications	0002_devicetoken_notificationlog	2025-12-17 13:19:23.220779+00
41	notifications	0003_rename_notificatio_user_id_status_idx_notificatio_user_id_d1d348_idx_and_more	2025-12-17 13:19:23.2502+00
42	notifications	0004_alter_devicetoken_options_and_more	2025-12-17 13:19:23.602431+00
43	orders	0004_add_fuel_expense_to_order_item	2025-12-17 13:19:23.627518+00
44	orders	0005_order_operators_alter_order_operator	2025-12-17 13:19:23.68856+00
45	orders	0006_orderitem_repair_expense	2025-12-17 13:19:23.709903+00
46	orders	0007_alter_order_status_alter_orderstatuslog_from_status_and_more	2025-12-17 13:19:23.753188+00
47	sessions	0001_initial	2025-12-17 13:19:23.780998+00
48	token_blacklist	0001_initial	2025-12-17 13:19:23.857499+00
49	token_blacklist	0002_outstandingtoken_jti_hex	2025-12-17 13:19:23.886215+00
50	token_blacklist	0003_auto_20171017_2007	2025-12-17 13:19:23.919307+00
51	token_blacklist	0004_auto_20171017_2013	2025-12-17 13:19:23.957144+00
52	token_blacklist	0005_remove_outstandingtoken_jti	2025-12-17 13:19:23.982825+00
53	token_blacklist	0006_auto_20171017_2113	2025-12-17 13:19:24.009615+00
54	token_blacklist	0007_auto_20171017_2214	2025-12-17 13:19:24.184758+00
55	token_blacklist	0008_migrate_to_bigautofield	2025-12-17 13:19:24.283365+00
56	token_blacklist	0010_fix_migrate_to_bigautofield	2025-12-17 13:19:24.318062+00
57	token_blacklist	0011_linearizes_history	2025-12-17 13:19:24.32779+00
58	token_blacklist	0012_alter_outstandingtoken_user	2025-12-17 13:19:24.361652+00
59	token_blacklist	0013_alter_blacklistedtoken_options_and_more	2025-12-17 13:19:24.39322+00
60	users	0002_alter_user_groups	2025-12-17 13:19:24.43723+00
61	users	0004_remove_accountant_viewer_roles	2025-12-17 13:19:24.472203+00
62	users	0005_alter_user_options_alter_user_avatar_and_more	2025-12-17 13:19:24.599165+00
\.


--
-- Data for Name: django_session; Type: TABLE DATA; Schema: public; Owner: ringo_user
--

COPY public.django_session (session_key, session_data, expire_date) FROM stdin;
\.


--
-- Data for Name: finance_documenttemplate; Type: TABLE DATA; Schema: public; Owner: ringo_user
--

COPY public.finance_documenttemplate (id, created_at, updated_at, slug, version, template_type, template_path, description, is_active) FROM stdin;
\.


--
-- Data for Name: finance_expense; Type: TABLE DATA; Schema: public; Owner: ringo_user
--

COPY public.finance_expense (id, created_at, updated_at, category, amount, date, comment, attachment_url, equipment_id, order_id, reported_by_id) FROM stdin;
\.


--
-- Data for Name: finance_invoice; Type: TABLE DATA; Schema: public; Owner: ringo_user
--

COPY public.finance_invoice (id, created_at, updated_at, number, pdf_url, issued_at, due_date, amount, currency, metadata, order_id, payment_status, pdf_file) FROM stdin;
\.


--
-- Data for Name: finance_payment; Type: TABLE DATA; Schema: public; Owner: ringo_user
--

COPY public.finance_payment (id, created_at, updated_at, method, status, amount, currency, transaction_id, paid_at, metadata, invoice_id, order_id) FROM stdin;
\.


--
-- Data for Name: finance_salaryrecord; Type: TABLE DATA; Schema: public; Owner: ringo_user
--

COPY public.finance_salaryrecord (id, created_at, updated_at, hours_worked, rate_type, rate_value, amount, status, paid_at, notes, order_id, user_id) FROM stdin;
\.


--
-- Data for Name: notifications_devicetoken; Type: TABLE DATA; Schema: public; Owner: ringo_user
--

COPY public.notifications_devicetoken (id, token, platform, app_version, device_info, last_active_at, created_at, user_id) FROM stdin;
\.


--
-- Data for Name: notifications_notificationlog; Type: TABLE DATA; Schema: public; Owner: ringo_user
--

COPY public.notifications_notificationlog (id, channel, endpoint, event_type, payload, status, error_message, retry_count, sent_at, created_at, user_id) FROM stdin;
\.


--
-- Data for Name: notifications_notificationsubscription; Type: TABLE DATA; Schema: public; Owner: ringo_user
--

COPY public.notifications_notificationsubscription (id, channel, endpoint, enabled, preferences, last_used_at, created_at, updated_at, user_id) FROM stdin;
\.


--
-- Data for Name: orders_order; Type: TABLE DATA; Schema: public; Owner: ringo_user
--

COPY public.orders_order (id, created_at, updated_at, number, address, geo_lat, geo_lng, start_dt, end_dt, description, status, prepayment_amount, prepayment_status, total_amount, price_snapshot, attachments, meta, client_id, created_by_id, manager_id, operator_id) FROM stdin;
\.


--
-- Data for Name: orders_order_operators; Type: TABLE DATA; Schema: public; Owner: ringo_user
--

COPY public.orders_order_operators (id, order_id, user_id) FROM stdin;
\.


--
-- Data for Name: orders_orderitem; Type: TABLE DATA; Schema: public; Owner: ringo_user
--

COPY public.orders_orderitem (id, created_at, updated_at, item_type, ref_id, name_snapshot, quantity, unit, unit_price, tax_rate, discount, metadata, order_id, fuel_expense, repair_expense) FROM stdin;
\.


--
-- Data for Name: orders_orderstatuslog; Type: TABLE DATA; Schema: public; Owner: ringo_user
--

COPY public.orders_orderstatuslog (id, from_status, to_status, comment, attachment_url, created_at, actor_id, order_id) FROM stdin;
\.


--
-- Data for Name: orders_photoevidence; Type: TABLE DATA; Schema: public; Owner: ringo_user
--

COPY public.orders_photoevidence (id, created_at, updated_at, photo_type, file_url, gps_lat, gps_lng, captured_at, notes, metadata, order_id, uploaded_by_id) FROM stdin;
\.


--
-- Data for Name: token_blacklist_blacklistedtoken; Type: TABLE DATA; Schema: public; Owner: ringo_user
--

COPY public.token_blacklist_blacklistedtoken (id, blacklisted_at, token_id) FROM stdin;
\.


--
-- Data for Name: token_blacklist_outstandingtoken; Type: TABLE DATA; Schema: public; Owner: ringo_user
--

COPY public.token_blacklist_outstandingtoken (id, token, created_at, expires_at, user_id, jti) FROM stdin;
\.


--
-- Data for Name: users_user; Type: TABLE DATA; Schema: public; Owner: ringo_user
--

COPY public.users_user (id, password, last_login, is_superuser, username, first_name, last_name, email, is_staff, is_active, date_joined, role, phone, avatar, locale, "position", permissions_snapshot) FROM stdin;
\.


--
-- Data for Name: users_user_groups; Type: TABLE DATA; Schema: public; Owner: ringo_user
--

COPY public.users_user_groups (id, user_id, group_id) FROM stdin;
\.


--
-- Data for Name: users_user_user_permissions; Type: TABLE DATA; Schema: public; Owner: ringo_user
--

COPY public.users_user_user_permissions (id, user_id, permission_id) FROM stdin;
\.


--
-- Name: audit_auditlog_id_seq; Type: SEQUENCE SET; Schema: public; Owner: ringo_user
--

SELECT pg_catalog.setval('public.audit_auditlog_id_seq', 44, true);


--
-- Name: auth_group_id_seq; Type: SEQUENCE SET; Schema: public; Owner: ringo_user
--

SELECT pg_catalog.setval('public.auth_group_id_seq', 1, false);


--
-- Name: auth_group_permissions_id_seq; Type: SEQUENCE SET; Schema: public; Owner: ringo_user
--

SELECT pg_catalog.setval('public.auth_group_permissions_id_seq', 1, false);


--
-- Name: auth_permission_id_seq; Type: SEQUENCE SET; Schema: public; Owner: ringo_user
--

SELECT pg_catalog.setval('public.auth_permission_id_seq', 132, true);


--
-- Name: catalog_attachment_id_seq; Type: SEQUENCE SET; Schema: public; Owner: ringo_user
--

SELECT pg_catalog.setval('public.catalog_attachment_id_seq', 1, false);


--
-- Name: catalog_equipment_id_seq; Type: SEQUENCE SET; Schema: public; Owner: ringo_user
--

SELECT pg_catalog.setval('public.catalog_equipment_id_seq', 1, false);


--
-- Name: catalog_maintenancerecord_id_seq; Type: SEQUENCE SET; Schema: public; Owner: ringo_user
--

SELECT pg_catalog.setval('public.catalog_maintenancerecord_id_seq', 1, false);


--
-- Name: catalog_materialitem_id_seq; Type: SEQUENCE SET; Schema: public; Owner: ringo_user
--

SELECT pg_catalog.setval('public.catalog_materialitem_id_seq', 1, false);


--
-- Name: catalog_servicecategory_id_seq; Type: SEQUENCE SET; Schema: public; Owner: ringo_user
--

SELECT pg_catalog.setval('public.catalog_servicecategory_id_seq', 1, false);


--
-- Name: catalog_serviceitem_id_seq; Type: SEQUENCE SET; Schema: public; Owner: ringo_user
--

SELECT pg_catalog.setval('public.catalog_serviceitem_id_seq', 1, false);


--
-- Name: crm_client_id_seq; Type: SEQUENCE SET; Schema: public; Owner: ringo_user
--

SELECT pg_catalog.setval('public.crm_client_id_seq', 1, false);


--
-- Name: django_admin_log_id_seq; Type: SEQUENCE SET; Schema: public; Owner: ringo_user
--

SELECT pg_catalog.setval('public.django_admin_log_id_seq', 1, false);


--
-- Name: django_content_type_id_seq; Type: SEQUENCE SET; Schema: public; Owner: ringo_user
--

SELECT pg_catalog.setval('public.django_content_type_id_seq', 33, true);


--
-- Name: django_migrations_id_seq; Type: SEQUENCE SET; Schema: public; Owner: ringo_user
--

SELECT pg_catalog.setval('public.django_migrations_id_seq', 62, true);


--
-- Name: finance_documenttemplate_id_seq; Type: SEQUENCE SET; Schema: public; Owner: ringo_user
--

SELECT pg_catalog.setval('public.finance_documenttemplate_id_seq', 1, false);


--
-- Name: finance_expense_id_seq; Type: SEQUENCE SET; Schema: public; Owner: ringo_user
--

SELECT pg_catalog.setval('public.finance_expense_id_seq', 1, false);


--
-- Name: finance_invoice_id_seq; Type: SEQUENCE SET; Schema: public; Owner: ringo_user
--

SELECT pg_catalog.setval('public.finance_invoice_id_seq', 1, false);


--
-- Name: finance_payment_id_seq; Type: SEQUENCE SET; Schema: public; Owner: ringo_user
--

SELECT pg_catalog.setval('public.finance_payment_id_seq', 1, false);


--
-- Name: finance_salaryrecord_id_seq; Type: SEQUENCE SET; Schema: public; Owner: ringo_user
--

SELECT pg_catalog.setval('public.finance_salaryrecord_id_seq', 1, false);


--
-- Name: notifications_devicetoken_id_seq; Type: SEQUENCE SET; Schema: public; Owner: ringo_user
--

SELECT pg_catalog.setval('public.notifications_devicetoken_id_seq', 1, false);


--
-- Name: notifications_notificationlog_id_seq; Type: SEQUENCE SET; Schema: public; Owner: ringo_user
--

SELECT pg_catalog.setval('public.notifications_notificationlog_id_seq', 1, false);


--
-- Name: notifications_notificationsubscription_id_seq; Type: SEQUENCE SET; Schema: public; Owner: ringo_user
--

SELECT pg_catalog.setval('public.notifications_notificationsubscription_id_seq', 1, false);


--
-- Name: orders_order_operators_id_seq; Type: SEQUENCE SET; Schema: public; Owner: ringo_user
--

SELECT pg_catalog.setval('public.orders_order_operators_id_seq', 1, false);


--
-- Name: orders_orderitem_id_seq; Type: SEQUENCE SET; Schema: public; Owner: ringo_user
--

SELECT pg_catalog.setval('public.orders_orderitem_id_seq', 1, false);


--
-- Name: orders_orderstatuslog_id_seq; Type: SEQUENCE SET; Schema: public; Owner: ringo_user
--

SELECT pg_catalog.setval('public.orders_orderstatuslog_id_seq', 1, false);


--
-- Name: orders_photoevidence_id_seq; Type: SEQUENCE SET; Schema: public; Owner: ringo_user
--

SELECT pg_catalog.setval('public.orders_photoevidence_id_seq', 1, false);


--
-- Name: token_blacklist_blacklistedtoken_id_seq; Type: SEQUENCE SET; Schema: public; Owner: ringo_user
--

SELECT pg_catalog.setval('public.token_blacklist_blacklistedtoken_id_seq', 1, false);


--
-- Name: token_blacklist_outstandingtoken_id_seq; Type: SEQUENCE SET; Schema: public; Owner: ringo_user
--

SELECT pg_catalog.setval('public.token_blacklist_outstandingtoken_id_seq', 1, false);


--
-- Name: users_user_groups_id_seq; Type: SEQUENCE SET; Schema: public; Owner: ringo_user
--

SELECT pg_catalog.setval('public.users_user_groups_id_seq', 1, false);


--
-- Name: users_user_id_seq; Type: SEQUENCE SET; Schema: public; Owner: ringo_user
--

SELECT pg_catalog.setval('public.users_user_id_seq', 1, false);


--
-- Name: users_user_user_permissions_id_seq; Type: SEQUENCE SET; Schema: public; Owner: ringo_user
--

SELECT pg_catalog.setval('public.users_user_user_permissions_id_seq', 1, false);


--
-- Name: audit_auditlog audit_auditlog_pkey; Type: CONSTRAINT; Schema: public; Owner: ringo_user
--

ALTER TABLE ONLY public.audit_auditlog
    ADD CONSTRAINT audit_auditlog_pkey PRIMARY KEY (id);


--
-- Name: auth_group auth_group_name_key; Type: CONSTRAINT; Schema: public; Owner: ringo_user
--

ALTER TABLE ONLY public.auth_group
    ADD CONSTRAINT auth_group_name_key UNIQUE (name);


--
-- Name: auth_group_permissions auth_group_permissions_group_id_permission_id_0cd325b0_uniq; Type: CONSTRAINT; Schema: public; Owner: ringo_user
--

ALTER TABLE ONLY public.auth_group_permissions
    ADD CONSTRAINT auth_group_permissions_group_id_permission_id_0cd325b0_uniq UNIQUE (group_id, permission_id);


--
-- Name: auth_group_permissions auth_group_permissions_pkey; Type: CONSTRAINT; Schema: public; Owner: ringo_user
--

ALTER TABLE ONLY public.auth_group_permissions
    ADD CONSTRAINT auth_group_permissions_pkey PRIMARY KEY (id);


--
-- Name: auth_group auth_group_pkey; Type: CONSTRAINT; Schema: public; Owner: ringo_user
--

ALTER TABLE ONLY public.auth_group
    ADD CONSTRAINT auth_group_pkey PRIMARY KEY (id);


--
-- Name: auth_permission auth_permission_content_type_id_codename_01ab375a_uniq; Type: CONSTRAINT; Schema: public; Owner: ringo_user
--

ALTER TABLE ONLY public.auth_permission
    ADD CONSTRAINT auth_permission_content_type_id_codename_01ab375a_uniq UNIQUE (content_type_id, codename);


--
-- Name: auth_permission auth_permission_pkey; Type: CONSTRAINT; Schema: public; Owner: ringo_user
--

ALTER TABLE ONLY public.auth_permission
    ADD CONSTRAINT auth_permission_pkey PRIMARY KEY (id);


--
-- Name: authtoken_token authtoken_token_pkey; Type: CONSTRAINT; Schema: public; Owner: ringo_user
--

ALTER TABLE ONLY public.authtoken_token
    ADD CONSTRAINT authtoken_token_pkey PRIMARY KEY (key);


--
-- Name: authtoken_token authtoken_token_user_id_key; Type: CONSTRAINT; Schema: public; Owner: ringo_user
--

ALTER TABLE ONLY public.authtoken_token
    ADD CONSTRAINT authtoken_token_user_id_key UNIQUE (user_id);


--
-- Name: catalog_attachment catalog_attachment_pkey; Type: CONSTRAINT; Schema: public; Owner: ringo_user
--

ALTER TABLE ONLY public.catalog_attachment
    ADD CONSTRAINT catalog_attachment_pkey PRIMARY KEY (id);


--
-- Name: catalog_equipment catalog_equipment_code_key; Type: CONSTRAINT; Schema: public; Owner: ringo_user
--

ALTER TABLE ONLY public.catalog_equipment
    ADD CONSTRAINT catalog_equipment_code_key UNIQUE (code);


--
-- Name: catalog_equipment catalog_equipment_pkey; Type: CONSTRAINT; Schema: public; Owner: ringo_user
--

ALTER TABLE ONLY public.catalog_equipment
    ADD CONSTRAINT catalog_equipment_pkey PRIMARY KEY (id);


--
-- Name: catalog_maintenancerecord catalog_maintenancerecord_pkey; Type: CONSTRAINT; Schema: public; Owner: ringo_user
--

ALTER TABLE ONLY public.catalog_maintenancerecord
    ADD CONSTRAINT catalog_maintenancerecord_pkey PRIMARY KEY (id);


--
-- Name: catalog_materialitem catalog_materialitem_pkey; Type: CONSTRAINT; Schema: public; Owner: ringo_user
--

ALTER TABLE ONLY public.catalog_materialitem
    ADD CONSTRAINT catalog_materialitem_pkey PRIMARY KEY (id);


--
-- Name: catalog_servicecategory catalog_servicecategory_pkey; Type: CONSTRAINT; Schema: public; Owner: ringo_user
--

ALTER TABLE ONLY public.catalog_servicecategory
    ADD CONSTRAINT catalog_servicecategory_pkey PRIMARY KEY (id);


--
-- Name: catalog_serviceitem catalog_serviceitem_pkey; Type: CONSTRAINT; Schema: public; Owner: ringo_user
--

ALTER TABLE ONLY public.catalog_serviceitem
    ADD CONSTRAINT catalog_serviceitem_pkey PRIMARY KEY (id);


--
-- Name: crm_client crm_client_pkey; Type: CONSTRAINT; Schema: public; Owner: ringo_user
--

ALTER TABLE ONLY public.crm_client
    ADD CONSTRAINT crm_client_pkey PRIMARY KEY (id);


--
-- Name: django_admin_log django_admin_log_pkey; Type: CONSTRAINT; Schema: public; Owner: ringo_user
--

ALTER TABLE ONLY public.django_admin_log
    ADD CONSTRAINT django_admin_log_pkey PRIMARY KEY (id);


--
-- Name: django_content_type django_content_type_app_label_model_76bd3d3b_uniq; Type: CONSTRAINT; Schema: public; Owner: ringo_user
--

ALTER TABLE ONLY public.django_content_type
    ADD CONSTRAINT django_content_type_app_label_model_76bd3d3b_uniq UNIQUE (app_label, model);


--
-- Name: django_content_type django_content_type_pkey; Type: CONSTRAINT; Schema: public; Owner: ringo_user
--

ALTER TABLE ONLY public.django_content_type
    ADD CONSTRAINT django_content_type_pkey PRIMARY KEY (id);


--
-- Name: django_migrations django_migrations_pkey; Type: CONSTRAINT; Schema: public; Owner: ringo_user
--

ALTER TABLE ONLY public.django_migrations
    ADD CONSTRAINT django_migrations_pkey PRIMARY KEY (id);


--
-- Name: django_session django_session_pkey; Type: CONSTRAINT; Schema: public; Owner: ringo_user
--

ALTER TABLE ONLY public.django_session
    ADD CONSTRAINT django_session_pkey PRIMARY KEY (session_key);


--
-- Name: finance_documenttemplate finance_documenttemplate_pkey; Type: CONSTRAINT; Schema: public; Owner: ringo_user
--

ALTER TABLE ONLY public.finance_documenttemplate
    ADD CONSTRAINT finance_documenttemplate_pkey PRIMARY KEY (id);


--
-- Name: finance_documenttemplate finance_documenttemplate_slug_version_310cc1d4_uniq; Type: CONSTRAINT; Schema: public; Owner: ringo_user
--

ALTER TABLE ONLY public.finance_documenttemplate
    ADD CONSTRAINT finance_documenttemplate_slug_version_310cc1d4_uniq UNIQUE (slug, version);


--
-- Name: finance_expense finance_expense_pkey; Type: CONSTRAINT; Schema: public; Owner: ringo_user
--

ALTER TABLE ONLY public.finance_expense
    ADD CONSTRAINT finance_expense_pkey PRIMARY KEY (id);


--
-- Name: finance_invoice finance_invoice_number_key; Type: CONSTRAINT; Schema: public; Owner: ringo_user
--

ALTER TABLE ONLY public.finance_invoice
    ADD CONSTRAINT finance_invoice_number_key UNIQUE (number);


--
-- Name: finance_invoice finance_invoice_order_id_key; Type: CONSTRAINT; Schema: public; Owner: ringo_user
--

ALTER TABLE ONLY public.finance_invoice
    ADD CONSTRAINT finance_invoice_order_id_key UNIQUE (order_id);


--
-- Name: finance_invoice finance_invoice_pkey; Type: CONSTRAINT; Schema: public; Owner: ringo_user
--

ALTER TABLE ONLY public.finance_invoice
    ADD CONSTRAINT finance_invoice_pkey PRIMARY KEY (id);


--
-- Name: finance_payment finance_payment_pkey; Type: CONSTRAINT; Schema: public; Owner: ringo_user
--

ALTER TABLE ONLY public.finance_payment
    ADD CONSTRAINT finance_payment_pkey PRIMARY KEY (id);


--
-- Name: finance_salaryrecord finance_salaryrecord_pkey; Type: CONSTRAINT; Schema: public; Owner: ringo_user
--

ALTER TABLE ONLY public.finance_salaryrecord
    ADD CONSTRAINT finance_salaryrecord_pkey PRIMARY KEY (id);


--
-- Name: notifications_devicetoken notifications_devicetoken_pkey; Type: CONSTRAINT; Schema: public; Owner: ringo_user
--

ALTER TABLE ONLY public.notifications_devicetoken
    ADD CONSTRAINT notifications_devicetoken_pkey PRIMARY KEY (id);


--
-- Name: notifications_devicetoken notifications_devicetoken_token_key; Type: CONSTRAINT; Schema: public; Owner: ringo_user
--

ALTER TABLE ONLY public.notifications_devicetoken
    ADD CONSTRAINT notifications_devicetoken_token_key UNIQUE (token);


--
-- Name: notifications_notificationsubscription notifications_notificati_user_id_channel_endpoint_8df9e35a_uniq; Type: CONSTRAINT; Schema: public; Owner: ringo_user
--

ALTER TABLE ONLY public.notifications_notificationsubscription
    ADD CONSTRAINT notifications_notificati_user_id_channel_endpoint_8df9e35a_uniq UNIQUE (user_id, channel, endpoint);


--
-- Name: notifications_notificationlog notifications_notificationlog_pkey; Type: CONSTRAINT; Schema: public; Owner: ringo_user
--

ALTER TABLE ONLY public.notifications_notificationlog
    ADD CONSTRAINT notifications_notificationlog_pkey PRIMARY KEY (id);


--
-- Name: notifications_notificationsubscription notifications_notificationsubscription_pkey; Type: CONSTRAINT; Schema: public; Owner: ringo_user
--

ALTER TABLE ONLY public.notifications_notificationsubscription
    ADD CONSTRAINT notifications_notificationsubscription_pkey PRIMARY KEY (id);


--
-- Name: orders_order orders_order_number_key; Type: CONSTRAINT; Schema: public; Owner: ringo_user
--

ALTER TABLE ONLY public.orders_order
    ADD CONSTRAINT orders_order_number_key UNIQUE (number);


--
-- Name: orders_order_operators orders_order_operators_order_id_user_id_d572f040_uniq; Type: CONSTRAINT; Schema: public; Owner: ringo_user
--

ALTER TABLE ONLY public.orders_order_operators
    ADD CONSTRAINT orders_order_operators_order_id_user_id_d572f040_uniq UNIQUE (order_id, user_id);


--
-- Name: orders_order_operators orders_order_operators_pkey; Type: CONSTRAINT; Schema: public; Owner: ringo_user
--

ALTER TABLE ONLY public.orders_order_operators
    ADD CONSTRAINT orders_order_operators_pkey PRIMARY KEY (id);


--
-- Name: orders_order orders_order_pkey; Type: CONSTRAINT; Schema: public; Owner: ringo_user
--

ALTER TABLE ONLY public.orders_order
    ADD CONSTRAINT orders_order_pkey PRIMARY KEY (id);


--
-- Name: orders_orderitem orders_orderitem_pkey; Type: CONSTRAINT; Schema: public; Owner: ringo_user
--

ALTER TABLE ONLY public.orders_orderitem
    ADD CONSTRAINT orders_orderitem_pkey PRIMARY KEY (id);


--
-- Name: orders_orderstatuslog orders_orderstatuslog_pkey; Type: CONSTRAINT; Schema: public; Owner: ringo_user
--

ALTER TABLE ONLY public.orders_orderstatuslog
    ADD CONSTRAINT orders_orderstatuslog_pkey PRIMARY KEY (id);


--
-- Name: orders_photoevidence orders_photoevidence_pkey; Type: CONSTRAINT; Schema: public; Owner: ringo_user
--

ALTER TABLE ONLY public.orders_photoevidence
    ADD CONSTRAINT orders_photoevidence_pkey PRIMARY KEY (id);


--
-- Name: token_blacklist_blacklistedtoken token_blacklist_blacklistedtoken_pkey; Type: CONSTRAINT; Schema: public; Owner: ringo_user
--

ALTER TABLE ONLY public.token_blacklist_blacklistedtoken
    ADD CONSTRAINT token_blacklist_blacklistedtoken_pkey PRIMARY KEY (id);


--
-- Name: token_blacklist_blacklistedtoken token_blacklist_blacklistedtoken_token_id_key; Type: CONSTRAINT; Schema: public; Owner: ringo_user
--

ALTER TABLE ONLY public.token_blacklist_blacklistedtoken
    ADD CONSTRAINT token_blacklist_blacklistedtoken_token_id_key UNIQUE (token_id);


--
-- Name: token_blacklist_outstandingtoken token_blacklist_outstandingtoken_jti_hex_d9bdf6f7_uniq; Type: CONSTRAINT; Schema: public; Owner: ringo_user
--

ALTER TABLE ONLY public.token_blacklist_outstandingtoken
    ADD CONSTRAINT token_blacklist_outstandingtoken_jti_hex_d9bdf6f7_uniq UNIQUE (jti);


--
-- Name: token_blacklist_outstandingtoken token_blacklist_outstandingtoken_pkey; Type: CONSTRAINT; Schema: public; Owner: ringo_user
--

ALTER TABLE ONLY public.token_blacklist_outstandingtoken
    ADD CONSTRAINT token_blacklist_outstandingtoken_pkey PRIMARY KEY (id);


--
-- Name: users_user_groups users_user_groups_pkey; Type: CONSTRAINT; Schema: public; Owner: ringo_user
--

ALTER TABLE ONLY public.users_user_groups
    ADD CONSTRAINT users_user_groups_pkey PRIMARY KEY (id);


--
-- Name: users_user_groups users_user_groups_user_id_group_id_b88eab82_uniq; Type: CONSTRAINT; Schema: public; Owner: ringo_user
--

ALTER TABLE ONLY public.users_user_groups
    ADD CONSTRAINT users_user_groups_user_id_group_id_b88eab82_uniq UNIQUE (user_id, group_id);


--
-- Name: users_user users_user_phone_key; Type: CONSTRAINT; Schema: public; Owner: ringo_user
--

ALTER TABLE ONLY public.users_user
    ADD CONSTRAINT users_user_phone_key UNIQUE (phone);


--
-- Name: users_user users_user_pkey; Type: CONSTRAINT; Schema: public; Owner: ringo_user
--

ALTER TABLE ONLY public.users_user
    ADD CONSTRAINT users_user_pkey PRIMARY KEY (id);


--
-- Name: users_user_user_permissions users_user_user_permissions_pkey; Type: CONSTRAINT; Schema: public; Owner: ringo_user
--

ALTER TABLE ONLY public.users_user_user_permissions
    ADD CONSTRAINT users_user_user_permissions_pkey PRIMARY KEY (id);


--
-- Name: users_user_user_permissions users_user_user_permissions_user_id_permission_id_43338c45_uniq; Type: CONSTRAINT; Schema: public; Owner: ringo_user
--

ALTER TABLE ONLY public.users_user_user_permissions
    ADD CONSTRAINT users_user_user_permissions_user_id_permission_id_43338c45_uniq UNIQUE (user_id, permission_id);


--
-- Name: users_user users_user_username_key; Type: CONSTRAINT; Schema: public; Owner: ringo_user
--

ALTER TABLE ONLY public.users_user
    ADD CONSTRAINT users_user_username_key UNIQUE (username);


--
-- Name: audit_audit_action_766c6d_idx; Type: INDEX; Schema: public; Owner: ringo_user
--

CREATE INDEX audit_audit_action_766c6d_idx ON public.audit_auditlog USING btree (action, created_at);


--
-- Name: audit_audit_actor_i_ec0f72_idx; Type: INDEX; Schema: public; Owner: ringo_user
--

CREATE INDEX audit_audit_actor_i_ec0f72_idx ON public.audit_auditlog USING btree (actor_id, created_at);


--
-- Name: audit_audit_entity__9535bf_idx; Type: INDEX; Schema: public; Owner: ringo_user
--

CREATE INDEX audit_audit_entity__9535bf_idx ON public.audit_auditlog USING btree (entity_type, entity_id);


--
-- Name: audit_auditlog_action_dc562e21; Type: INDEX; Schema: public; Owner: ringo_user
--

CREATE INDEX audit_auditlog_action_dc562e21 ON public.audit_auditlog USING btree (action);


--
-- Name: audit_auditlog_action_dc562e21_like; Type: INDEX; Schema: public; Owner: ringo_user
--

CREATE INDEX audit_auditlog_action_dc562e21_like ON public.audit_auditlog USING btree (action varchar_pattern_ops);


--
-- Name: audit_auditlog_actor_id_20e70a27; Type: INDEX; Schema: public; Owner: ringo_user
--

CREATE INDEX audit_auditlog_actor_id_20e70a27 ON public.audit_auditlog USING btree (actor_id);


--
-- Name: audit_auditlog_created_at_5c532845; Type: INDEX; Schema: public; Owner: ringo_user
--

CREATE INDEX audit_auditlog_created_at_5c532845 ON public.audit_auditlog USING btree (created_at);


--
-- Name: audit_auditlog_entity_id_01aecced; Type: INDEX; Schema: public; Owner: ringo_user
--

CREATE INDEX audit_auditlog_entity_id_01aecced ON public.audit_auditlog USING btree (entity_id);


--
-- Name: audit_auditlog_entity_id_01aecced_like; Type: INDEX; Schema: public; Owner: ringo_user
--

CREATE INDEX audit_auditlog_entity_id_01aecced_like ON public.audit_auditlog USING btree (entity_id varchar_pattern_ops);


--
-- Name: audit_auditlog_entity_type_e613ae90; Type: INDEX; Schema: public; Owner: ringo_user
--

CREATE INDEX audit_auditlog_entity_type_e613ae90 ON public.audit_auditlog USING btree (entity_type);


--
-- Name: audit_auditlog_entity_type_e613ae90_like; Type: INDEX; Schema: public; Owner: ringo_user
--

CREATE INDEX audit_auditlog_entity_type_e613ae90_like ON public.audit_auditlog USING btree (entity_type varchar_pattern_ops);


--
-- Name: audit_auditlog_request_id_2112ce31; Type: INDEX; Schema: public; Owner: ringo_user
--

CREATE INDEX audit_auditlog_request_id_2112ce31 ON public.audit_auditlog USING btree (request_id);


--
-- Name: audit_auditlog_request_id_2112ce31_like; Type: INDEX; Schema: public; Owner: ringo_user
--

CREATE INDEX audit_auditlog_request_id_2112ce31_like ON public.audit_auditlog USING btree (request_id varchar_pattern_ops);


--
-- Name: auth_group_name_a6ea08ec_like; Type: INDEX; Schema: public; Owner: ringo_user
--

CREATE INDEX auth_group_name_a6ea08ec_like ON public.auth_group USING btree (name varchar_pattern_ops);


--
-- Name: auth_group_permissions_group_id_b120cbf9; Type: INDEX; Schema: public; Owner: ringo_user
--

CREATE INDEX auth_group_permissions_group_id_b120cbf9 ON public.auth_group_permissions USING btree (group_id);


--
-- Name: auth_group_permissions_permission_id_84c5c92e; Type: INDEX; Schema: public; Owner: ringo_user
--

CREATE INDEX auth_group_permissions_permission_id_84c5c92e ON public.auth_group_permissions USING btree (permission_id);


--
-- Name: auth_permission_content_type_id_2f476e4b; Type: INDEX; Schema: public; Owner: ringo_user
--

CREATE INDEX auth_permission_content_type_id_2f476e4b ON public.auth_permission USING btree (content_type_id);


--
-- Name: authtoken_token_key_10f0b77e_like; Type: INDEX; Schema: public; Owner: ringo_user
--

CREATE INDEX authtoken_token_key_10f0b77e_like ON public.authtoken_token USING btree (key varchar_pattern_ops);


--
-- Name: catalog_attachment_equipment_id_d6189e7b; Type: INDEX; Schema: public; Owner: ringo_user
--

CREATE INDEX catalog_attachment_equipment_id_d6189e7b ON public.catalog_attachment USING btree (equipment_id);


--
-- Name: catalog_equipment_code_867943a8_like; Type: INDEX; Schema: public; Owner: ringo_user
--

CREATE INDEX catalog_equipment_code_867943a8_like ON public.catalog_equipment USING btree (code varchar_pattern_ops);


--
-- Name: catalog_maintenancerecord_equipment_id_3026b3ad; Type: INDEX; Schema: public; Owner: ringo_user
--

CREATE INDEX catalog_maintenancerecord_equipment_id_3026b3ad ON public.catalog_maintenancerecord USING btree (equipment_id);


--
-- Name: catalog_serviceitem_category_id_b24c00e5; Type: INDEX; Schema: public; Owner: ringo_user
--

CREATE INDEX catalog_serviceitem_category_id_b24c00e5 ON public.catalog_serviceitem USING btree (category_id);


--
-- Name: django_admin_log_content_type_id_c4bce8eb; Type: INDEX; Schema: public; Owner: ringo_user
--

CREATE INDEX django_admin_log_content_type_id_c4bce8eb ON public.django_admin_log USING btree (content_type_id);


--
-- Name: django_admin_log_user_id_c564eba6; Type: INDEX; Schema: public; Owner: ringo_user
--

CREATE INDEX django_admin_log_user_id_c564eba6 ON public.django_admin_log USING btree (user_id);


--
-- Name: django_session_expire_date_a5c62663; Type: INDEX; Schema: public; Owner: ringo_user
--

CREATE INDEX django_session_expire_date_a5c62663 ON public.django_session USING btree (expire_date);


--
-- Name: django_session_session_key_c0390e0f_like; Type: INDEX; Schema: public; Owner: ringo_user
--

CREATE INDEX django_session_session_key_c0390e0f_like ON public.django_session USING btree (session_key varchar_pattern_ops);


--
-- Name: finance_documenttemplate_slug_5cdad897; Type: INDEX; Schema: public; Owner: ringo_user
--

CREATE INDEX finance_documenttemplate_slug_5cdad897 ON public.finance_documenttemplate USING btree (slug);


--
-- Name: finance_documenttemplate_slug_5cdad897_like; Type: INDEX; Schema: public; Owner: ringo_user
--

CREATE INDEX finance_documenttemplate_slug_5cdad897_like ON public.finance_documenttemplate USING btree (slug varchar_pattern_ops);


--
-- Name: finance_expense_equipment_id_bda58f01; Type: INDEX; Schema: public; Owner: ringo_user
--

CREATE INDEX finance_expense_equipment_id_bda58f01 ON public.finance_expense USING btree (equipment_id);


--
-- Name: finance_expense_order_id_be985170; Type: INDEX; Schema: public; Owner: ringo_user
--

CREATE INDEX finance_expense_order_id_be985170 ON public.finance_expense USING btree (order_id);


--
-- Name: finance_expense_reported_by_id_775c77b1; Type: INDEX; Schema: public; Owner: ringo_user
--

CREATE INDEX finance_expense_reported_by_id_775c77b1 ON public.finance_expense USING btree (reported_by_id);


--
-- Name: finance_invoice_number_1041ab9f_like; Type: INDEX; Schema: public; Owner: ringo_user
--

CREATE INDEX finance_invoice_number_1041ab9f_like ON public.finance_invoice USING btree (number varchar_pattern_ops);


--
-- Name: finance_payment_invoice_id_99e6983b; Type: INDEX; Schema: public; Owner: ringo_user
--

CREATE INDEX finance_payment_invoice_id_99e6983b ON public.finance_payment USING btree (invoice_id);


--
-- Name: finance_payment_order_id_c6e25b1a; Type: INDEX; Schema: public; Owner: ringo_user
--

CREATE INDEX finance_payment_order_id_c6e25b1a ON public.finance_payment USING btree (order_id);


--
-- Name: finance_salaryrecord_order_id_c31cf8e8; Type: INDEX; Schema: public; Owner: ringo_user
--

CREATE INDEX finance_salaryrecord_order_id_c31cf8e8 ON public.finance_salaryrecord USING btree (order_id);


--
-- Name: finance_salaryrecord_user_id_991a5f2c; Type: INDEX; Schema: public; Owner: ringo_user
--

CREATE INDEX finance_salaryrecord_user_id_991a5f2c ON public.finance_salaryrecord USING btree (user_id);


--
-- Name: notificatio_event_t_988cb5_idx; Type: INDEX; Schema: public; Owner: ringo_user
--

CREATE INDEX notificatio_event_t_988cb5_idx ON public.notifications_notificationlog USING btree (event_type, created_at);


--
-- Name: notificatio_user_id_d1d348_idx; Type: INDEX; Schema: public; Owner: ringo_user
--

CREATE INDEX notificatio_user_id_d1d348_idx ON public.notifications_notificationlog USING btree (user_id, status);


--
-- Name: notifications_devicetoken_token_d98ecc13_like; Type: INDEX; Schema: public; Owner: ringo_user
--

CREATE INDEX notifications_devicetoken_token_d98ecc13_like ON public.notifications_devicetoken USING btree (token varchar_pattern_ops);


--
-- Name: notifications_devicetoken_user_id_31bb415d; Type: INDEX; Schema: public; Owner: ringo_user
--

CREATE INDEX notifications_devicetoken_user_id_31bb415d ON public.notifications_devicetoken USING btree (user_id);


--
-- Name: notifications_notificationlog_user_id_ea3d4e7c; Type: INDEX; Schema: public; Owner: ringo_user
--

CREATE INDEX notifications_notificationlog_user_id_ea3d4e7c ON public.notifications_notificationlog USING btree (user_id);


--
-- Name: notifications_notificationsubscription_user_id_10758b61; Type: INDEX; Schema: public; Owner: ringo_user
--

CREATE INDEX notifications_notificationsubscription_user_id_10758b61 ON public.notifications_notificationsubscription USING btree (user_id);


--
-- Name: orders_orde_start_d_1feb61_idx; Type: INDEX; Schema: public; Owner: ringo_user
--

CREATE INDEX orders_orde_start_d_1feb61_idx ON public.orders_order USING btree (start_dt);


--
-- Name: orders_orde_status_c6dd84_idx; Type: INDEX; Schema: public; Owner: ringo_user
--

CREATE INDEX orders_orde_status_c6dd84_idx ON public.orders_order USING btree (status);


--
-- Name: orders_order_client_id_67117a15; Type: INDEX; Schema: public; Owner: ringo_user
--

CREATE INDEX orders_order_client_id_67117a15 ON public.orders_order USING btree (client_id);


--
-- Name: orders_order_created_by_id_d5f5e69c; Type: INDEX; Schema: public; Owner: ringo_user
--

CREATE INDEX orders_order_created_by_id_d5f5e69c ON public.orders_order USING btree (created_by_id);


--
-- Name: orders_order_manager_id_d9c1a176; Type: INDEX; Schema: public; Owner: ringo_user
--

CREATE INDEX orders_order_manager_id_d9c1a176 ON public.orders_order USING btree (manager_id);


--
-- Name: orders_order_number_abc9e0f2_like; Type: INDEX; Schema: public; Owner: ringo_user
--

CREATE INDEX orders_order_number_abc9e0f2_like ON public.orders_order USING btree (number varchar_pattern_ops);


--
-- Name: orders_order_operator_id_cf8860d8; Type: INDEX; Schema: public; Owner: ringo_user
--

CREATE INDEX orders_order_operator_id_cf8860d8 ON public.orders_order USING btree (operator_id);


--
-- Name: orders_order_operators_order_id_472b05a9; Type: INDEX; Schema: public; Owner: ringo_user
--

CREATE INDEX orders_order_operators_order_id_472b05a9 ON public.orders_order_operators USING btree (order_id);


--
-- Name: orders_order_operators_user_id_2e553aec; Type: INDEX; Schema: public; Owner: ringo_user
--

CREATE INDEX orders_order_operators_user_id_2e553aec ON public.orders_order_operators USING btree (user_id);


--
-- Name: orders_orderitem_order_id_fe61a34d; Type: INDEX; Schema: public; Owner: ringo_user
--

CREATE INDEX orders_orderitem_order_id_fe61a34d ON public.orders_orderitem USING btree (order_id);


--
-- Name: orders_orderstatuslog_actor_id_731a65a4; Type: INDEX; Schema: public; Owner: ringo_user
--

CREATE INDEX orders_orderstatuslog_actor_id_731a65a4 ON public.orders_orderstatuslog USING btree (actor_id);


--
-- Name: orders_orderstatuslog_order_id_8f26264f; Type: INDEX; Schema: public; Owner: ringo_user
--

CREATE INDEX orders_orderstatuslog_order_id_8f26264f ON public.orders_orderstatuslog USING btree (order_id);


--
-- Name: orders_photoevidence_order_id_df83b6ce; Type: INDEX; Schema: public; Owner: ringo_user
--

CREATE INDEX orders_photoevidence_order_id_df83b6ce ON public.orders_photoevidence USING btree (order_id);


--
-- Name: orders_photoevidence_uploaded_by_id_3f25d382; Type: INDEX; Schema: public; Owner: ringo_user
--

CREATE INDEX orders_photoevidence_uploaded_by_id_3f25d382 ON public.orders_photoevidence USING btree (uploaded_by_id);


--
-- Name: token_blacklist_outstandingtoken_jti_hex_d9bdf6f7_like; Type: INDEX; Schema: public; Owner: ringo_user
--

CREATE INDEX token_blacklist_outstandingtoken_jti_hex_d9bdf6f7_like ON public.token_blacklist_outstandingtoken USING btree (jti varchar_pattern_ops);


--
-- Name: token_blacklist_outstandingtoken_user_id_83bc629a; Type: INDEX; Schema: public; Owner: ringo_user
--

CREATE INDEX token_blacklist_outstandingtoken_user_id_83bc629a ON public.token_blacklist_outstandingtoken USING btree (user_id);


--
-- Name: users_user_groups_group_id_9afc8d0e; Type: INDEX; Schema: public; Owner: ringo_user
--

CREATE INDEX users_user_groups_group_id_9afc8d0e ON public.users_user_groups USING btree (group_id);


--
-- Name: users_user_groups_user_id_5f6f5a90; Type: INDEX; Schema: public; Owner: ringo_user
--

CREATE INDEX users_user_groups_user_id_5f6f5a90 ON public.users_user_groups USING btree (user_id);


--
-- Name: users_user_phone_fe37f55c_like; Type: INDEX; Schema: public; Owner: ringo_user
--

CREATE INDEX users_user_phone_fe37f55c_like ON public.users_user USING btree (phone varchar_pattern_ops);


--
-- Name: users_user_user_permissions_permission_id_0b93982e; Type: INDEX; Schema: public; Owner: ringo_user
--

CREATE INDEX users_user_user_permissions_permission_id_0b93982e ON public.users_user_user_permissions USING btree (permission_id);


--
-- Name: users_user_user_permissions_user_id_20aca447; Type: INDEX; Schema: public; Owner: ringo_user
--

CREATE INDEX users_user_user_permissions_user_id_20aca447 ON public.users_user_user_permissions USING btree (user_id);


--
-- Name: users_user_username_06e46fe6_like; Type: INDEX; Schema: public; Owner: ringo_user
--

CREATE INDEX users_user_username_06e46fe6_like ON public.users_user USING btree (username varchar_pattern_ops);


--
-- Name: audit_auditlog audit_auditlog_actor_id_20e70a27_fk_users_user_id; Type: FK CONSTRAINT; Schema: public; Owner: ringo_user
--

ALTER TABLE ONLY public.audit_auditlog
    ADD CONSTRAINT audit_auditlog_actor_id_20e70a27_fk_users_user_id FOREIGN KEY (actor_id) REFERENCES public.users_user(id) DEFERRABLE INITIALLY DEFERRED;


--
-- Name: auth_group_permissions auth_group_permissio_permission_id_84c5c92e_fk_auth_perm; Type: FK CONSTRAINT; Schema: public; Owner: ringo_user
--

ALTER TABLE ONLY public.auth_group_permissions
    ADD CONSTRAINT auth_group_permissio_permission_id_84c5c92e_fk_auth_perm FOREIGN KEY (permission_id) REFERENCES public.auth_permission(id) DEFERRABLE INITIALLY DEFERRED;


--
-- Name: auth_group_permissions auth_group_permissions_group_id_b120cbf9_fk_auth_group_id; Type: FK CONSTRAINT; Schema: public; Owner: ringo_user
--

ALTER TABLE ONLY public.auth_group_permissions
    ADD CONSTRAINT auth_group_permissions_group_id_b120cbf9_fk_auth_group_id FOREIGN KEY (group_id) REFERENCES public.auth_group(id) DEFERRABLE INITIALLY DEFERRED;


--
-- Name: auth_permission auth_permission_content_type_id_2f476e4b_fk_django_co; Type: FK CONSTRAINT; Schema: public; Owner: ringo_user
--

ALTER TABLE ONLY public.auth_permission
    ADD CONSTRAINT auth_permission_content_type_id_2f476e4b_fk_django_co FOREIGN KEY (content_type_id) REFERENCES public.django_content_type(id) DEFERRABLE INITIALLY DEFERRED;


--
-- Name: authtoken_token authtoken_token_user_id_35299eff_fk_users_user_id; Type: FK CONSTRAINT; Schema: public; Owner: ringo_user
--

ALTER TABLE ONLY public.authtoken_token
    ADD CONSTRAINT authtoken_token_user_id_35299eff_fk_users_user_id FOREIGN KEY (user_id) REFERENCES public.users_user(id) DEFERRABLE INITIALLY DEFERRED;


--
-- Name: catalog_attachment catalog_attachment_equipment_id_d6189e7b_fk_catalog_e; Type: FK CONSTRAINT; Schema: public; Owner: ringo_user
--

ALTER TABLE ONLY public.catalog_attachment
    ADD CONSTRAINT catalog_attachment_equipment_id_d6189e7b_fk_catalog_e FOREIGN KEY (equipment_id) REFERENCES public.catalog_equipment(id) DEFERRABLE INITIALLY DEFERRED;


--
-- Name: catalog_maintenancerecord catalog_maintenancer_equipment_id_3026b3ad_fk_catalog_e; Type: FK CONSTRAINT; Schema: public; Owner: ringo_user
--

ALTER TABLE ONLY public.catalog_maintenancerecord
    ADD CONSTRAINT catalog_maintenancer_equipment_id_3026b3ad_fk_catalog_e FOREIGN KEY (equipment_id) REFERENCES public.catalog_equipment(id) DEFERRABLE INITIALLY DEFERRED;


--
-- Name: catalog_serviceitem catalog_serviceitem_category_id_b24c00e5_fk_catalog_s; Type: FK CONSTRAINT; Schema: public; Owner: ringo_user
--

ALTER TABLE ONLY public.catalog_serviceitem
    ADD CONSTRAINT catalog_serviceitem_category_id_b24c00e5_fk_catalog_s FOREIGN KEY (category_id) REFERENCES public.catalog_servicecategory(id) DEFERRABLE INITIALLY DEFERRED;


--
-- Name: django_admin_log django_admin_log_content_type_id_c4bce8eb_fk_django_co; Type: FK CONSTRAINT; Schema: public; Owner: ringo_user
--

ALTER TABLE ONLY public.django_admin_log
    ADD CONSTRAINT django_admin_log_content_type_id_c4bce8eb_fk_django_co FOREIGN KEY (content_type_id) REFERENCES public.django_content_type(id) DEFERRABLE INITIALLY DEFERRED;


--
-- Name: django_admin_log django_admin_log_user_id_c564eba6_fk_users_user_id; Type: FK CONSTRAINT; Schema: public; Owner: ringo_user
--

ALTER TABLE ONLY public.django_admin_log
    ADD CONSTRAINT django_admin_log_user_id_c564eba6_fk_users_user_id FOREIGN KEY (user_id) REFERENCES public.users_user(id) DEFERRABLE INITIALLY DEFERRED;


--
-- Name: finance_expense finance_expense_equipment_id_bda58f01_fk_catalog_equipment_id; Type: FK CONSTRAINT; Schema: public; Owner: ringo_user
--

ALTER TABLE ONLY public.finance_expense
    ADD CONSTRAINT finance_expense_equipment_id_bda58f01_fk_catalog_equipment_id FOREIGN KEY (equipment_id) REFERENCES public.catalog_equipment(id) DEFERRABLE INITIALLY DEFERRED;


--
-- Name: finance_expense finance_expense_order_id_be985170_fk_orders_order_id; Type: FK CONSTRAINT; Schema: public; Owner: ringo_user
--

ALTER TABLE ONLY public.finance_expense
    ADD CONSTRAINT finance_expense_order_id_be985170_fk_orders_order_id FOREIGN KEY (order_id) REFERENCES public.orders_order(id) DEFERRABLE INITIALLY DEFERRED;


--
-- Name: finance_expense finance_expense_reported_by_id_775c77b1_fk_users_user_id; Type: FK CONSTRAINT; Schema: public; Owner: ringo_user
--

ALTER TABLE ONLY public.finance_expense
    ADD CONSTRAINT finance_expense_reported_by_id_775c77b1_fk_users_user_id FOREIGN KEY (reported_by_id) REFERENCES public.users_user(id) DEFERRABLE INITIALLY DEFERRED;


--
-- Name: finance_invoice finance_invoice_order_id_949a96ff_fk_orders_order_id; Type: FK CONSTRAINT; Schema: public; Owner: ringo_user
--

ALTER TABLE ONLY public.finance_invoice
    ADD CONSTRAINT finance_invoice_order_id_949a96ff_fk_orders_order_id FOREIGN KEY (order_id) REFERENCES public.orders_order(id) DEFERRABLE INITIALLY DEFERRED;


--
-- Name: finance_payment finance_payment_invoice_id_99e6983b_fk_finance_invoice_id; Type: FK CONSTRAINT; Schema: public; Owner: ringo_user
--

ALTER TABLE ONLY public.finance_payment
    ADD CONSTRAINT finance_payment_invoice_id_99e6983b_fk_finance_invoice_id FOREIGN KEY (invoice_id) REFERENCES public.finance_invoice(id) DEFERRABLE INITIALLY DEFERRED;


--
-- Name: finance_payment finance_payment_order_id_c6e25b1a_fk_orders_order_id; Type: FK CONSTRAINT; Schema: public; Owner: ringo_user
--

ALTER TABLE ONLY public.finance_payment
    ADD CONSTRAINT finance_payment_order_id_c6e25b1a_fk_orders_order_id FOREIGN KEY (order_id) REFERENCES public.orders_order(id) DEFERRABLE INITIALLY DEFERRED;


--
-- Name: finance_salaryrecord finance_salaryrecord_order_id_c31cf8e8_fk_orders_order_id; Type: FK CONSTRAINT; Schema: public; Owner: ringo_user
--

ALTER TABLE ONLY public.finance_salaryrecord
    ADD CONSTRAINT finance_salaryrecord_order_id_c31cf8e8_fk_orders_order_id FOREIGN KEY (order_id) REFERENCES public.orders_order(id) DEFERRABLE INITIALLY DEFERRED;


--
-- Name: finance_salaryrecord finance_salaryrecord_user_id_991a5f2c_fk_users_user_id; Type: FK CONSTRAINT; Schema: public; Owner: ringo_user
--

ALTER TABLE ONLY public.finance_salaryrecord
    ADD CONSTRAINT finance_salaryrecord_user_id_991a5f2c_fk_users_user_id FOREIGN KEY (user_id) REFERENCES public.users_user(id) DEFERRABLE INITIALLY DEFERRED;


--
-- Name: notifications_devicetoken notifications_devicetoken_user_id_31bb415d_fk_users_user_id; Type: FK CONSTRAINT; Schema: public; Owner: ringo_user
--

ALTER TABLE ONLY public.notifications_devicetoken
    ADD CONSTRAINT notifications_devicetoken_user_id_31bb415d_fk_users_user_id FOREIGN KEY (user_id) REFERENCES public.users_user(id) DEFERRABLE INITIALLY DEFERRED;


--
-- Name: notifications_notificationsubscription notifications_notifi_user_id_10758b61_fk_users_use; Type: FK CONSTRAINT; Schema: public; Owner: ringo_user
--

ALTER TABLE ONLY public.notifications_notificationsubscription
    ADD CONSTRAINT notifications_notifi_user_id_10758b61_fk_users_use FOREIGN KEY (user_id) REFERENCES public.users_user(id) DEFERRABLE INITIALLY DEFERRED;


--
-- Name: notifications_notificationlog notifications_notificationlog_user_id_ea3d4e7c_fk_users_user_id; Type: FK CONSTRAINT; Schema: public; Owner: ringo_user
--

ALTER TABLE ONLY public.notifications_notificationlog
    ADD CONSTRAINT notifications_notificationlog_user_id_ea3d4e7c_fk_users_user_id FOREIGN KEY (user_id) REFERENCES public.users_user(id) DEFERRABLE INITIALLY DEFERRED;


--
-- Name: orders_order orders_order_client_id_67117a15_fk_crm_client_id; Type: FK CONSTRAINT; Schema: public; Owner: ringo_user
--

ALTER TABLE ONLY public.orders_order
    ADD CONSTRAINT orders_order_client_id_67117a15_fk_crm_client_id FOREIGN KEY (client_id) REFERENCES public.crm_client(id) DEFERRABLE INITIALLY DEFERRED;


--
-- Name: orders_order orders_order_created_by_id_d5f5e69c_fk_users_user_id; Type: FK CONSTRAINT; Schema: public; Owner: ringo_user
--

ALTER TABLE ONLY public.orders_order
    ADD CONSTRAINT orders_order_created_by_id_d5f5e69c_fk_users_user_id FOREIGN KEY (created_by_id) REFERENCES public.users_user(id) DEFERRABLE INITIALLY DEFERRED;


--
-- Name: orders_order orders_order_manager_id_d9c1a176_fk_users_user_id; Type: FK CONSTRAINT; Schema: public; Owner: ringo_user
--

ALTER TABLE ONLY public.orders_order
    ADD CONSTRAINT orders_order_manager_id_d9c1a176_fk_users_user_id FOREIGN KEY (manager_id) REFERENCES public.users_user(id) DEFERRABLE INITIALLY DEFERRED;


--
-- Name: orders_order orders_order_operator_id_cf8860d8_fk_users_user_id; Type: FK CONSTRAINT; Schema: public; Owner: ringo_user
--

ALTER TABLE ONLY public.orders_order
    ADD CONSTRAINT orders_order_operator_id_cf8860d8_fk_users_user_id FOREIGN KEY (operator_id) REFERENCES public.users_user(id) DEFERRABLE INITIALLY DEFERRED;


--
-- Name: orders_order_operators orders_order_operators_order_id_472b05a9_fk_orders_order_id; Type: FK CONSTRAINT; Schema: public; Owner: ringo_user
--

ALTER TABLE ONLY public.orders_order_operators
    ADD CONSTRAINT orders_order_operators_order_id_472b05a9_fk_orders_order_id FOREIGN KEY (order_id) REFERENCES public.orders_order(id) DEFERRABLE INITIALLY DEFERRED;


--
-- Name: orders_order_operators orders_order_operators_user_id_2e553aec_fk_users_user_id; Type: FK CONSTRAINT; Schema: public; Owner: ringo_user
--

ALTER TABLE ONLY public.orders_order_operators
    ADD CONSTRAINT orders_order_operators_user_id_2e553aec_fk_users_user_id FOREIGN KEY (user_id) REFERENCES public.users_user(id) DEFERRABLE INITIALLY DEFERRED;


--
-- Name: orders_orderitem orders_orderitem_order_id_fe61a34d_fk_orders_order_id; Type: FK CONSTRAINT; Schema: public; Owner: ringo_user
--

ALTER TABLE ONLY public.orders_orderitem
    ADD CONSTRAINT orders_orderitem_order_id_fe61a34d_fk_orders_order_id FOREIGN KEY (order_id) REFERENCES public.orders_order(id) DEFERRABLE INITIALLY DEFERRED;


--
-- Name: orders_orderstatuslog orders_orderstatuslog_actor_id_731a65a4_fk_users_user_id; Type: FK CONSTRAINT; Schema: public; Owner: ringo_user
--

ALTER TABLE ONLY public.orders_orderstatuslog
    ADD CONSTRAINT orders_orderstatuslog_actor_id_731a65a4_fk_users_user_id FOREIGN KEY (actor_id) REFERENCES public.users_user(id) DEFERRABLE INITIALLY DEFERRED;


--
-- Name: orders_orderstatuslog orders_orderstatuslog_order_id_8f26264f_fk_orders_order_id; Type: FK CONSTRAINT; Schema: public; Owner: ringo_user
--

ALTER TABLE ONLY public.orders_orderstatuslog
    ADD CONSTRAINT orders_orderstatuslog_order_id_8f26264f_fk_orders_order_id FOREIGN KEY (order_id) REFERENCES public.orders_order(id) DEFERRABLE INITIALLY DEFERRED;


--
-- Name: orders_photoevidence orders_photoevidence_order_id_df83b6ce_fk_orders_order_id; Type: FK CONSTRAINT; Schema: public; Owner: ringo_user
--

ALTER TABLE ONLY public.orders_photoevidence
    ADD CONSTRAINT orders_photoevidence_order_id_df83b6ce_fk_orders_order_id FOREIGN KEY (order_id) REFERENCES public.orders_order(id) DEFERRABLE INITIALLY DEFERRED;


--
-- Name: orders_photoevidence orders_photoevidence_uploaded_by_id_3f25d382_fk_users_user_id; Type: FK CONSTRAINT; Schema: public; Owner: ringo_user
--

ALTER TABLE ONLY public.orders_photoevidence
    ADD CONSTRAINT orders_photoevidence_uploaded_by_id_3f25d382_fk_users_user_id FOREIGN KEY (uploaded_by_id) REFERENCES public.users_user(id) DEFERRABLE INITIALLY DEFERRED;


--
-- Name: token_blacklist_blacklistedtoken token_blacklist_blacklistedtoken_token_id_3cc7fe56_fk; Type: FK CONSTRAINT; Schema: public; Owner: ringo_user
--

ALTER TABLE ONLY public.token_blacklist_blacklistedtoken
    ADD CONSTRAINT token_blacklist_blacklistedtoken_token_id_3cc7fe56_fk FOREIGN KEY (token_id) REFERENCES public.token_blacklist_outstandingtoken(id) DEFERRABLE INITIALLY DEFERRED;


--
-- Name: token_blacklist_outstandingtoken token_blacklist_outs_user_id_83bc629a_fk_users_use; Type: FK CONSTRAINT; Schema: public; Owner: ringo_user
--

ALTER TABLE ONLY public.token_blacklist_outstandingtoken
    ADD CONSTRAINT token_blacklist_outs_user_id_83bc629a_fk_users_use FOREIGN KEY (user_id) REFERENCES public.users_user(id) DEFERRABLE INITIALLY DEFERRED;


--
-- Name: users_user_groups users_user_groups_group_id_9afc8d0e_fk_auth_group_id; Type: FK CONSTRAINT; Schema: public; Owner: ringo_user
--

ALTER TABLE ONLY public.users_user_groups
    ADD CONSTRAINT users_user_groups_group_id_9afc8d0e_fk_auth_group_id FOREIGN KEY (group_id) REFERENCES public.auth_group(id) DEFERRABLE INITIALLY DEFERRED;


--
-- Name: users_user_groups users_user_groups_user_id_5f6f5a90_fk_users_user_id; Type: FK CONSTRAINT; Schema: public; Owner: ringo_user
--

ALTER TABLE ONLY public.users_user_groups
    ADD CONSTRAINT users_user_groups_user_id_5f6f5a90_fk_users_user_id FOREIGN KEY (user_id) REFERENCES public.users_user(id) DEFERRABLE INITIALLY DEFERRED;


--
-- Name: users_user_user_permissions users_user_user_perm_permission_id_0b93982e_fk_auth_perm; Type: FK CONSTRAINT; Schema: public; Owner: ringo_user
--

ALTER TABLE ONLY public.users_user_user_permissions
    ADD CONSTRAINT users_user_user_perm_permission_id_0b93982e_fk_auth_perm FOREIGN KEY (permission_id) REFERENCES public.auth_permission(id) DEFERRABLE INITIALLY DEFERRED;


--
-- Name: users_user_user_permissions users_user_user_permissions_user_id_20aca447_fk_users_user_id; Type: FK CONSTRAINT; Schema: public; Owner: ringo_user
--

ALTER TABLE ONLY public.users_user_user_permissions
    ADD CONSTRAINT users_user_user_permissions_user_id_20aca447_fk_users_user_id FOREIGN KEY (user_id) REFERENCES public.users_user(id) DEFERRABLE INITIALLY DEFERRED;


--
-- PostgreSQL database dump complete
--

\unrestrict CfVXJJ7lFkVxCOAxaVZedI5lo9I7gLClEPtUkDBghQkHNAeNdighUHjBS8DLuT4

